S.no,username,followers,Country,viewers,Average views,Categories
1,cristiano,477.9M,India,5M,6.2M,"'Parenting and family', 'Art', 'History'"
2,kyliejenner,368.1M,United States,3.5M,5.5M,"'Finance and investments', 'Travel', 'Pets'"
3,arianagrande,329.6M,United States,2.9M,4M,"'Science', 'Movies', 'Beauty'"
4,leomessi,358.6M,Indonesia,2.7M,3.5M,"'Cars and automobiles', 'Beauty', 'Health and wellness'"
5,zendaya,151.1M,United States,4.3M,5.8M,"'Parenting and family', 'Beauty', 'Art'"
6,selenagomez,344.2M,United States,1.8M,2.4M,"'Food and dining', 'Health and wellness', 'Beauty'"
7,taylorswift,223.5M,Brazil,2.5M,3.3M,"'Finance and investments', 'Health and wellness', 'Outdoor activities'"
8,thv,50.8M,South Korea,12.7M,12.7M,"'Fashion', 'Education and learning', 'Travel'"
9,virat.kohli,212.6M,India,2.6M,2.9M,"'Pets', 'DIY and crafts', 'Photography'"
10,beyonce,274.1M,United States,1.5M,2.1M,"'Technology', 'Outdoor activities', 'Social causes and activism'"
11,kimkardashian,329.8M,United States,1.2M,1.6M,"'Politics', 'Science', 'Pets'"
12,tomholland2013,68M,United States,6.3M,7.7M,"'Movies', 'Business and entrepreneurship', 'Photography'"
13,j.m,43.5M,South Korea,11.6M,11.6M,"'Parenting and family', 'Gaming', 'Art'"
14,billieeilish,106.2M,United States,3.5M,4.6M,"'Pets', 'Finance and investments', 'Travel'"
15,lalalalisa_m,81.7M,Indonesia,5M,5.8M,"'Cars and automobiles', 'Gardening', 'Science'"
16,justinbieber,256.3M,Brazil,1.3M,1.8M,"'Travel', 'Pets', 'Finance and investments'"
17,neymarjr,178.1M,Brazil,1.5M,2.2M,"'Technology', 'Movies', 'Movies'"
18,agustd,38.3M,South Korea,9.9M,9.9M,"'Movies', 'Photography', 'Science'"
19,sooyaaa__,63.8M,Indonesia,4.9M,5.6M,"'Books', 'Pets', 'Music'"
20,jin,39.5M,United States,8.8M,8.8M,"'Outdoor activities', 'Outdoor activities', 'Music'"
21,kendalljenner,255.4M,United States,852K,1.3M,"'Sports', 'Parenting and family', 'Politics'"
22,karolg,56.2M,Mexico,5M,6.1M,"'Social causes and activism', 'Beauty', 'Nature'"
23,kourtneykardash,196.4M,United States,1.2M,1.7M,"'Politics', 'Gardening', 'Technology'"
24,khaby00,79.3M,India,2.8M,3.9M,"'Education and learning', 'Business and entrepreneurship', 'Fashion'"
25,uarmyhope,39.4M,South Korea,7.8M,7.8M,"'Food and dining', 'Beauty', 'Gaming'"
26,jennierubyjane,69.8M,Indonesia,3.7M,4.4M,"'Music', 'Beauty', 'Education and learning'"
27,roses_are_rosie,62.7M,Indonesia,3.7M,4.3M,"'Books', 'Fitness', 'Travel'"
28,badbunnypr,42.8M,United States,3.6M,5.6M,"'Nature', 'Gardening', 'Gardening'"
29,milliebobbybrown,58.4M,Brazil,3.1M,4M,"'Parenting and family', 'History', 'Politics'"
30,jlo,220.9M,United States,830.4K,1.1M,"'Beauty', 'Movies', 'Finance and investments'"
31,zayn,47M,India,3.1M,4.9M,"'Art', 'Food and dining', 'Parenting and family'"
32,rkive,37.8M,,5.9M,5.9M,"'Travel', 'Art', 'Beauty'"
33,instagram,546.6M,India,285.4K,356.6K,"'Pets', 'Pets', 'Politics'"
34,bts.bighitofficial,67.5M,Indonesia,2.5M,2.7M,"'Art', 'Fashion', 'Photography'"
35,iamcardib,140.4M,United States,893.8K,1.3M,"'Gardening', 'Health and wellness', 'Outdoor activities'"
36,jungkook.97,45.8M,,3.8M,3.8M,"'DIY and crafts', 'Outdoor activities', 'Pets'"
37,champagnepapi,120.2M,United States,877K,1.4M,"'Beauty', 'Technology', 'Sports'"
38,therock,335.9M,India,375.2K,477.5K,"'Photography', 'Pets', 'Technology'"
39,nickiminaj,201.8M,United States,486.1K,765.5K,"'Food and dining', 'Education and learning', 'Fashion'"
40,narendramodi,69.3M,India,1.8M,2M,"'Beauty', 'Education and learning', 'Technology'"
41,kingjames,131.5M,United States,618.3K,1.1M,"'Travel', 'Education and learning', 'Technology'"
42,khloekardashian,268.4M,United States,403.1K,499.3K,"'Gardening', 'Fitness', 'Education and learning'"
43,dualipa,86.3M,United States,1.2M,1.5M,"'Science', 'Music', 'History'"
44,willsmith,63.7M,United States,1.6M,1.9M,"'Gardening', 'Pets', 'Food and dining'"
45,shawnmendes,70.2M,Brazil,1.2M,1.7M,"'Gaming', 'Parenting and family', 'DIY and crafts'"
46,eunwo.o_c,30.2M,Indonesia,3.2M,3.9M,"'Art', 'Finance and investments', 'Finance and investments'"
47,harrystyles,47.3M,United States,1.7M,2.3M,"'Cooking', 'Pets', 'History'"
48,dlwlrma,27.6M,South Korea,3.2M,3.8M,"'Photography', 'Gaming', 'Photography'"
49,actorleeminho,30.7M,Indonesia,2.6M,3.4M,"'Fitness', 'Cooking', 'Beauty'"
50,noahschnapp,27.5M,Brazil,2.8M,3.7M,"'DIY and crafts', 'Technology', 'Fitness'"
51,adele,50.8M,United States,1.4M,1.9M,"'Health and wellness', 'Travel', 'DIY and crafts'"
52,shraddhakapoor,74.4M,India,1.1M,1.3M,"'History', 'Business and entrepreneurship', 'Art'"
53,gigihadid,75.4M,United States,795.5K,1.2M,"'Health and wellness', 'Fashion', 'Fashion'"
54,oliviarodrigo,27.8M,India,2.5M,3.1M,"'Cooking', 'Food and dining', 'Business and entrepreneurship'"
55,georginagio,39.1M,India,1.5M,2.1M,"'Gaming', 'Health and wellness', 'Food and dining'"
56,katrinakaif,66.6M,India,1.1M,1.2M,"'Technology', 'Social causes and activism', 'Social causes and activism'"
57,haileybieber,47.6M,United States,1.3M,1.7M,"'Photography', 'Gaming', 'Nature'"
58,k.mbappe,72.6M,France,797.2K,1.1M,"'Food and dining', 'Pets', 'Sports'"
59,blakelively,35M,United States,1.5M,2.3M,"'Gaming', 'Travel', 'History'"
60,anushkasharma,59.7M,India,1.2M,1.3M,"'Gaming', 'Business and entrepreneurship', 'Beauty'"
61,nasa,82.3M,India,800.4K,961.7K,"'Nature', 'Science', 'Movies'"
62,handemiyy,28.9M,Turkey,2.1M,2.7M,"'Science', 'Nature', 'History'"
63,sadiesink_,24.6M,Brazil,2.2M,3.1M,"'Art', 'Cars and automobiles', 'Books'"
64,ester_exposito,29.2M,Mexico,1.7M,2.5M,"'Technology', 'Gaming', 'Pets'"
65,johnnydepp,27.6M,India,1.9M,2.5M,"'History', 'Photography', 'Cars and automobiles'"
66,chrishemsworth,56M,India,929.3K,1.2M,"'Cooking', 'Travel', 'Pets'"
67,robertdowneyjr,53.4M,India,987.5K,1.2M,"'Finance and investments', 'Beauty', 'Food and dining'"
68,jongsuk0206,23.5M,Indonesia,2.1M,2.8M,"'Music', 'Social causes and activism', 'Business and entrepreneurship'"
69,karimbenzema,57.1M,France,798.6K,1.1M,"'Finance and investments', 'Politics', 'Education and learning'"
70,fcbarcelona,111.9M,Indonesia,383.8K,585.4K,"'Music', 'Cars and automobiles', 'Sports'"
71,charlidamelio,49.1M,United States,1.1M,1.3M,"'Pets', 'Outdoor activities', 'Gardening'"
72,camila_cabello,65.1M,Brazil,704.3K,956.7K,"'Nature', 'Travel', 'Gaming'"
73,bn_sj2013,22.7M,Indonesia,2.2M,2.6M,"'Politics', 'Pets', 'Technology'"
74,lelepons,49.4M,Mexico,759.9K,1.2M,"'Music', 'Science', 'Beauty'"
75,realmadrid,124.6M,Spain,324.4K,450.7K,"'Science', 'Business and entrepreneurship', 'Art'"
76,blackpinkofficial,49M,Indonesia,907K,1.1M,"'Travel', 'Science', 'DIY and crafts'"
77,ddlovato,139.2M,United States,302.7K,392K,"'Beauty', 'Movies', 'Food and dining'"
78,gal_gadot,86.4M,United States,485.5K,627.3K,"'Books', 'Music', 'Social causes and activism'"
79,dishapatani,53.6M,India,802.5K,988K,"'Pets', 'Education and learning', 'Social causes and activism'"
80,niallhoran,30.5M,United States,1.2M,1.7M,"'Food and dining', 'Education and learning', 'Photography'"
81,rashmika_mandanna,33.1M,India,1.3M,1.6M,"'Parenting and family', 'Science', 'Gardening'"
82,dojacat,24.2M,United States,1.5M,2M,"'Pets', 'DIY and crafts', 'Outdoor activities'"
83,dovecameron,48.3M,United States,767.9K,1M,"'Cars and automobiles', 'Education and learning', 'Nature'"
84,realstraykids,22.7M,Indonesia,1.7M,2.1M,"'Movies', 'Politics', 'Nature'"
85,beingsalmankhan,53.9M,India,690.3K,883.4K,"'Nature', 'Movies', 'Science'"
86,ursulolita,23.7M,Brazil,1.4M,2M,"'Politics', 'Gardening', 'Cars and automobiles'"
87,paulodybala,48.6M,Argentina,583.5K,934K,"'Fashion', 'Cars and automobiles', 'Social causes and activism'"
88,songkang_b,14.7M,Mexico,2.2M,3M,"'Business and entrepreneurship', 'Photography', 'Science'"
89,virginia,39.2M,Brazil,708.4K,1.1M,"'Social causes and activism', 'Parenting and family', 'Outdoor activities'"
90,hardikpandya93,23M,India,1.5M,1.9M,"'Parenting and family', 'Health and wellness', 'Finance and investments'"
91,jacksonwang852g7,30M,China,1.2M,1.4M,"'Gaming', 'Health and wellness', 'Beauty'"
92,zacefron,54.8M,United States,534.4K,774.7K,"'Technology', 'Business and entrepreneurship', 'Health and wellness'"
93,jacquelinef143,63M,India,551.4K,672.1K,"'Politics', 'Movies', 'Gardening'"
94,yawnzzn,10.7M,India,3M,3.9M,"'Nature', 'Food and dining', 'Politics'"
95,oohsehun,23.2M,Indonesia,1.5M,1.8M,"'Nature', 'Photography', 'Books'"
96,bellahadid,54.6M,United States,474.5K,758.9K,"'Travel', 'Fitness', 'DIY and crafts'"
97,kimberly.loaiza,35.8M,Mexico,959.2K,1.2M,"'Outdoor activities', 'Gaming', 'Cooking'"
98,iamzlatanibrahimovic,55.4M,Italy,481K,740.7K,"'Gardening', 'Gaming', 'Photography'"
99,chrisevans,17.7M,United States,1.9M,2.3M,"'Photography', 'Nature', 'Books'"
100,maluma,62.9M,Italy,413.3K,636.9K,"'History', 'Books', 'Fashion'"
101,aliaabhatt,69.7M,India,452.5K,560K,"'Art', 'Sports', 'Social causes and activism'"
102,tchalamet,17.8M,United States,1.3M,2.2M,"'Books', 'Art', 'Pets'"
103,championsleague,97.6M,Brazil,285.7K,389.3K,"'Pets', 'Education and learning', 'Gaming'"
104,vindiesel,82.7M,Brazil,353.2K,457.4K,"'DIY and crafts', 'Sports', 'Parenting and family'"
105,anitta,63.2M,Brazil,316.2K,590.4K,"'DIY and crafts', 'Social causes and activism', 'Food and dining'"
106,kiaraaliaadvani,25M,India,1.2M,1.4M,"'Beauty', 'Outdoor activities', 'Parenting and family'"
107,shahidkapoor,35.7M,India,858K,971.6K,"'Art', 'Food and dining', 'Movies'"
108,davidbeckham,75.1M,India,360.5K,462.3K,"'Travel', 'Cars and automobiles', 'Movies'"
109,finnwolfhardofficial,26.3M,Brazil,1M,1.3M,"'Technology', 'Science', 'Cars and automobiles'"
110,mosalah,52.7M,Egypt,458.8K,650K,"'Cars and automobiles', 'Social causes and activism', 'Science'"
111,priyankachopra,81.8M,India,343.4K,417.3K,"'Fitness', 'DIY and crafts', 'Gaming'"
112,antonelaroccuzzo,20.2M,Argentina,1M,1.7M,"'Music', 'Outdoor activities', 'Photography'"
113,tyga,36.5M,United States,628.4K,939.2K,"'Photography', 'Books', 'Finance and investments'"
114,hoooooyeony,22.9M,South Korea,1.1M,1.5M,"'Gaming', 'Fitness', 'Finance and investments'"
115,lucas_xx444,11.5M,Indonesia,2.4M,3M,"'Food and dining', 'Travel', 'Fashion'"
116,mrbeast,19.9M,United States,1.2M,1.7M,"'Finance and investments', 'Outdoor activities', 'Science'"
117,jenniferaniston,40.7M,Brazil,554.9K,805.3K,"'Photography', 'Music', 'Art'"
118,iamsrk,30.4M,India,863.3K,1.1M,"'Gardening', 'Movies', 'Business and entrepreneurship'"
119,kritisanon,50.6M,India,547.6K,638.3K,"'Business and entrepreneurship', 'Health and wellness', 'Beauty'"
120,chrisbrownofficial,119.1M,United States,172K,268.2K,"'Parenting and family', 'Social causes and activism', 'Finance and investments'"
121,_rl9,29.4M,Poland,844.4K,1.1M,"'Travel', 'Sports', 'Art'"
122,deepikapadukone,68.8M,India,342K,446.2K,"'Fashion', 'Books', 'Music'"
123,pewdiepie,21.8M,United States,1.2M,1.4M,"'Fashion', 'Parenting and family', 'Sports'"
124,madelame,25.2M,Russia,861.2K,1.2M,"'Music', 'Art', 'Art'"
125,ronaldinho,67.8M,Brazil,256.2K,445.6K,"'Gardening', 'Fitness', 'History'"
126,alluarjunonline,19.1M,India,1.3M,1.6M,"'Gaming', 'Education and learning', 'Travel'"
127,rosalia.vt,21.9M,Spain,1M,1.4M,"'Cars and automobiles', 'Education and learning', 'Pets'"
128,emrata,29.6M,United States,629.9K,1M,"'History', 'Food and dining', 'Food and dining'"
129,addisonraee,40M,United States,481K,742.2K,"'Technology', 'Fitness', 'Nature'"
130,433,51.6M,Spain,339.4K,563.9K,"'Outdoor activities', 'Technology', 'Travel'"
131,katyperry,171.2M,Brazil,130.5K,168.3K,"'Pets', 'Books', 'Gardening'"
132,_jeongjaehyun,12.4M,Indonesia,1.9M,2.3M,"'Parenting and family', 'Gaming', 'DIY and crafts'"
133,madisonbeer,32.4M,United States,588.9K,879.5K,"'Science', 'Cooking', 'Cars and automobiles'"
134,marcelotwelve,58.5M,Spain,325.7K,484.2K,"'Science', 'Health and wellness', 'Outdoor activities'"
135,phs1116,10.5M,Indonesia,2.2M,2.7M,"'Technology', 'Movies', 'Movies'"
136,sergioramos,53.1M,Spain,344.1K,527.4K,"'Art', 'Nature', 'Books'"
137,casemiro,17.4M,Brazil,1.1M,1.6M,"'History', 'Nature', 'History'"
138,emmachamberlain,16.1M,United States,1.1M,1.7M,"'Photography', 'Health and wellness', 'Business and entrepreneurship'"
139,luvadepedreiro,18.4M,Brazil,894.2K,1.5M,"'Cars and automobiles', 'Pets', 'Gaming'"
140,rohittt_09_,24.1M,India,807.5K,1.1M,"'Education and learning', 'Gaming', 'Pets'"
141,nike,235.7M,United States,89.7K,116.2K,"'Gaming', 'Science', 'Fitness'"
142,luisitocomunica,32.4M,Mexico,627.1K,828.5K,"'Outdoor activities', 'Education and learning', 'Outdoor activities'"
143,miakhalifa,27.7M,India,605.5K,968.5K,"'Cars and automobiles', 'Fitness', 'Pets'"
144,theweeknd,42.9M,United States,456.6K,618.7K,"'Technology', 'Science', 'Gaming'"
145,ladygaga,53.3M,United States,351K,492.3K,"'Science', 'Politics', 'Movies'"
146,varundvn,44.1M,India,484K,589.8K,"'Politics', 'Books', 'Health and wellness'"
147,zefelipecantor,25M,Brazil,591.4K,1M,"'Finance and investments', 'Art', 'Gardening'"
148,manchesterunited,60.2M,United Kingdom,265.6K,425K,"'Science', 'Business and entrepreneurship', 'Books'"
149,sidhu_moosewala,11.2M,India,2M,2.4M,"'Travel', 'Gaming', 'Photography'"
150,thedeverakonda,17.5M,India,1.2M,1.4M,"'Politics', 'Social causes and activism', 'Science'"
151,emilia_clarke,27M,India,733.5K,922.2K,"'DIY and crafts', 'Fitness', 'Nature'"
152,elrubiuswtf,17.3M,Mexico,1.3M,1.4M,"'Politics', 'Education and learning', 'Parenting and family'"
153,hegdepooja,21.3M,India,995.7K,1.1M,"'Parenting and family', 'Books', 'Gaming'"
154,vinijr,22.3M,Brazil,610.1K,1.1M,"'Travel', 'Art', 'Politics'"
155,feliciathegoat,13.2M,United States,1.1M,1.8M,"'Social causes and activism', 'Gardening', 'Sports'"
156,lewishamilton,29.8M,Brazil,564.5K,810.5K,"'Fashion', 'Education and learning', 'DIY and crafts'"
157,zidane,33.7M,Spain,524.2K,714K,"'Fitness', 'Fitness', 'Movies'"
158,natgeo,238.3M,United States,78.8K,100.3K,"'Nature', 'Sports', 'DIY and crafts'"
159,madelyncline,12.6M,United States,1.3M,1.9M,"'Business and entrepreneurship', 'Education and learning', 'Outdoor activities'"
160,henrycavill,21.7M,Brazil,897K,1.1M,"'Business and entrepreneurship', 'Science', 'Nature'"
161,theestallion,29.8M,United States,451.4K,788.2K,"'Music', 'Business and entrepreneurship', 'Cars and automobiles'"
162,saraalikhan95,41.2M,India,459.9K,561.2K,"'Art', 'Movies', 'Fashion'"
163,jacobelordi,13.2M,Brazil,1.1M,1.7M,"'Gardening', 'Cars and automobiles', 'DIY and crafts'"
164,bizarrap,14.9M,Argentina,1.3M,1.5M,"'Outdoor activities', 'Science', 'Gardening'"
165,leedongwook_official,14.8M,Indonesia,1.2M,1.6M,"'Travel', 'Gardening', 'Parenting and family'"
166,thenameisyash,11.2M,India,1.7M,2M,"'Social causes and activism', 'Fashion', 'DIY and crafts'"
167,hrithikroshan,43.9M,India,407.5K,515.7K,"'Outdoor activities', 'DIY and crafts', 'Beauty'"
168,kapilsharma,42.6M,India,463.9K,528.6K,"'History', 'Travel', 'Photography'"
169,shakira,76.2M,India,216.5K,296.2K,"'Outdoor activities', 'Technology', 'Finance and investments'"
170,jichangwook,21.4M,Indonesia,828.3K,1.1M,"'Science', 'History', 'Fashion'"
171,imhyoseop,8.9M,Indonesia,2.2M,2.5M,"'Beauty', 'Social causes and activism', 'Travel'"
172,norafatehi,42.1M,India,424.4K,522.3K,"'Outdoor activities', 'Outdoor activities', 'Movies'"
173,cznburak,40.4M,Turkey,398.9K,541.9K,"'Politics', 'Movies', 'Music'"
174,na.jaemin0813,10M,Indonesia,1.8M,2.2M,"'Fitness', 'Movies', 'Politics'"
175,paulpogba,55.3M,Brazil,218.3K,388.6K,"'Business and entrepreneurship', 'Sports', 'Outdoor activities'"
176,zkdlin,14.2M,Indonesia,1.2M,1.5M,"'Music', 'Technology', 'Outdoor activities'"
177,sabrinacarpenter,27.7M,Brazil,631.4K,775.4K,"'Travel', 'Food and dining', 'Gaming'"
178,nehakakkar,70.8M,India,259.1K,302.5K,"'Cars and automobiles', 'History', 'Fashion'"
179,lanarhoades,16.6M,United States,771.4K,1.3M,"'Nature', 'Gardening', 'Pets'"
180,jannatzubair29,44.1M,India,386.7K,471.2K,"'Gardening', 'Movies', 'Art'"
181,emmawatson,67.5M,United States,224.3K,306.2K,"'Finance and investments', 'Health and wellness', 'Outdoor activities'"
182,domelipa,19.8M,Mexico,850.5K,1M,"'Fashion', 'Movies', 'Food and dining'"
183,bbrightvc,16.1M,Indonesia,1M,1.3M,"'Beauty', 'DIY and crafts', 'Art'"
184,erling.haaland,18.3M,Brazil,722.6K,1.1M,"'Fitness', 'Pets', 'Pets'"
185,strangerthingstv,22.6M,Brazil,649.8K,869.6K,"'Music', 'Music', 'Science'"
186,bambam1a,16.7M,Brazil,917.3K,1.2M,"'Technology', 'Social causes and activism', 'Parenting and family'"
187,vancityreynolds,45.1M,United States,323.4K,425.5K,"'Business and entrepreneurship', 'Cooking', 'Parenting and family'"
188,nina,25.9M,Brazil,512.9K,735.4K,"'Fashion', 'Health and wellness', 'Photography'"
189,iambeckyg,33.5M,Mexico,470.3K,566.8K,"'Cars and automobiles', 'Business and entrepreneurship', 'Music'"
190,onyourm__ark,9.3M,Indonesia,1.7M,2.1M,"'Beauty', 'Music', 'Art'"
191,daddyyankee,46M,Argentina,296.9K,414K,"'Gaming', 'Technology', 'Food and dining'"
192,jamesrodriguez10,49.9M,Colombia,250K,380.5K,"'Outdoor activities', 'Business and entrepreneurship', 'Movies'"
193,kartikaaryan,26M,India,580.4K,721.8K,"'Music', 'Books', 'Movies'"
194,do0_nct,10.5M,Indonesia,1.3M,1.7M,"'Finance and investments', 'Art', 'Parenting and family'"
195,twicetagram,26.6M,Indonesia,564K,684.3K,"'Music', 'Outdoor activities', 'Gaming'"
196,m10_official,24.2M,Turkey,539K,758.1K,"'Technology', 'Books', 'Movies'"
197,aurelie.hermansyah,27.1M,Indonesia,528.2K,666.2K,"'Travel', 'Finance and investments', 'Outdoor activities'"
198,enhypen,10.9M,Indonesia,1.2M,1.6M,"'Nature', 'Outdoor activities', 'Beauty'"
199,loganpaul,23.8M,United States,548.2K,731K,"'Nature', 'Art', 'Cars and automobiles'"
200,momo,8M,Turkey,1.5M,2.2M,"'Fitness', 'DIY and crafts', 'Business and entrepreneurship'"
201,zachking,24.5M,Indonesia,455.5K,701.7K,"'Music', 'Cooking', 'Sports'"
202,akshaykumar,63.1M,India,229.8K,273K,"'Nature', 'Education and learning', 'Music'"
203,iamhalsey,30.5M,United States,422.7K,556.3K,"'Science', 'Health and wellness', 'Finance and investments'"
204,serna_amini,9.6M,Iran,1.4M,1.8M,"'Pets', 'Food and dining', 'Finance and investments'"
205,nct,14.6M,Indonesia,918.3K,1.1M,"'Parenting and family', 'Nature', 'Books'"
206,kajalaggarwalofficial,23.5M,India,583K,704.6K,"'Photography', 'Art', 'Gardening'"
207,tatawerneck,54.1M,Brazil,197.1K,306K,"'Art', 'Technology', 'Science'"
208,angelrai07,22.5M,India,591.4K,712.5K,"'Social causes and activism', 'Food and dining', 'Business and entrepreneurship'"
209,brentrivera,22.3M,United States,556K,721.7K,"'Pets', 'DIY and crafts', 'DIY and crafts'"
210,taeyeon_ss,18.8M,South Korea,696.6K,847.1K,"'Fashion', 'Technology', 'Nature'"
211,louist91,18.5M,Brazil,636.6K,870.9K,"'Technology', 'Parenting and family', 'Gardening'"
212,itzy.all.in.us,17.9M,Indonesia,714.5K,873.7K,"'Finance and investments', 'Technology', 'Pets'"
213,haileesteinfeld,19.6M,United States,626.3K,795.2K,"'Music', 'Music', 'Books'"
214,iamferv,10.6M,Mexico,994K,1.5M,"'Business and entrepreneurship', 'Movies', 'Beauty'"
215,brunomars,25.9M,Brazil,397K,601.3K,"'Books', 'Books', 'Education and learning'"
216,carlinhosmaiaof,26.1M,Brazil,326.5K,595.3K,"'Fashion', 'Gardening', 'Cars and automobiles'"
217,taeoxo_nct,9.6M,Indonesia,1.2M,1.6M,"'Gaming', 'Nature', 'Parenting and family'"
218,lilireinhart,28.7M,Brazil,359.9K,532.3K,"'Politics', 'Gardening', 'Cooking'"
219,colesprouse,35.9M,United States,324.6K,423.8K,"'Politics', 'Fashion', 'Photography'"
220,jessicah_o,12.6M,United States,939.7K,1.2M,"'Photography', 'History', 'Travel'"
221,riaricis1795,31.9M,Indonesia,386.5K,472.9K,"'Gardening', 'Movies', 'History'"
222,carryminati,16.1M,India,795.3K,935.8K,"'Gaming', 'Books', 'Pets'"
223,nayeonyny,8.3M,Brazil,1.6M,1.8M,"'Beauty', 'Cars and automobiles', 'Technology'"
224,sydney_sweeney,14.2M,United States,555.4K,1M,"'Pets', 'Finance and investments', 'Food and dining'"
225,thinkaboutzu,8M,India,1.6M,1.9M,"'DIY and crafts', 'Cooking', 'Cars and automobiles'"
226,gatenm123,18.7M,Brazil,596.8K,788.2K,"'History', 'Nature', 'Health and wellness'"
227,postmalone,22.8M,United States,423.2K,647.1K,"'Politics', 'Beauty', 'Gardening'"
228,awez_darbar,23.1M,India,531.2K,636.5K,"'Outdoor activities', 'Science', 'Fitness'"
229,m.by__sana,7.5M,Yemen,1.7M,2M,"'Sports', 'Cooking', 'Books'"
230,skuukzky,18M,Indonesia,654.8K,807.9K,"'Social causes and activism', 'Gardening', 'Social causes and activism'"
231,lilbaby,20.4M,United States,385.5K,711.9K,"'Photography', 'Education and learning', 'History'"
232,somsomi0309,15.6M,Indonesia,754.7K,912.5K,"'Social causes and activism', 'Technology', 'Pets'"
233,camimendes,26.9M,Brazil,379.6K,526.3K,"'Food and dining', 'DIY and crafts', 'Cooking'"
234,attahalilintar,24M,Indonesia,430.6K,588K,"'Fitness', 'Fashion', 'Parenting and family'"
235,sunnyleone,53.5M,India,195.5K,264.7K,"'Gardening', 'Gardening', 'Movies'"
236,justintimberlake,66.1M,United States,157.9K,210.9K,"'Nature', 'Education and learning', 'Movies'"
237,riyaz.14,27.4M,India,395K,514K,"'Fashion', 'Gaming', 'History'"
238,juliette,33.4M,Brazil,260.8K,414.5K,"'Politics', 'Gardening', 'Education and learning'"
239,xxxibgdrgn,21.3M,Indonesia,504.8K,640K,"'Art', 'Technology', 'Cars and automobiles'"
240,hyunah_aa,18.2M,South Korea,622.1K,737.2K,"'Social causes and activism', 'Pets', 'Movies'"
241,ranveersingh,41.1M,India,247.4K,322K,"'Music', 'Art', 'Food and dining'"
242,bretmanrock,18.5M,United States,424.6K,714.8K,"'Sports', 'Cooking', 'Science'"
243,kevinhart4real,152.5M,United States,68.9K,87.3K,"'Health and wellness', 'Health and wellness', 'DIY and crafts'"
244,evaluna,20.7M,Argentina,457.8K,630.7K,"'Beauty', 'Sports', 'Fitness'"
245,prattprattpratt,38.6M,United States,258.4K,338.1K,"'History', 'Photography', 'Food and dining'"
246,jbalvin,52.8M,Mexico,188.5K,247.5K,"'Education and learning', 'Parenting and family', 'Health and wellness'"
247,jairmessiasbolsonaro,21.3M,Brazil,452.8K,628.9K,"'Cars and automobiles', 'Outdoor activities', 'Cooking'"
248,britneyspears,42.2M,United States,222.7K,309.7K,"'Cars and automobiles', 'Education and learning', 'Pets'"
249,janhvikapoor,18.5M,India,581.1K,693.3K,"'DIY and crafts', 'Gardening', 'Food and dining'"
250,tinistoessel,18.6M,Argentina,514.8K,690.5K,"'Parenting and family', 'Travel', 'Social causes and activism'"
251,lukamodric10,24.8M,Spain,349K,511.3K,"'Food and dining', 'Books', 'Outdoor activities'"
252,anushkasen0408,38.6M,India,282.7K,330.3K,"'Movies', 'Art', 'Fitness'"
253,min9yu_k,7.6M,Indonesia,1.4M,1.7M,"'DIY and crafts', 'Art', 'Education and learning'"
254,keerthysureshofficial,13.6M,India,805K,921.1K,"'DIY and crafts', 'Travel', 'Music'"
255,samoylovaoxana,15.3M,Russia,603.4K,818.1K,"'DIY and crafts', 'Business and entrepreneurship', 'Movies'"
256,juandediospantoja,22.6M,Mexico,479.4K,547.6K,"'Science', 'Parenting and family', 'Social causes and activism'"
257,sidmalhotra,20.6M,India,478.2K,595.5K,"'Food and dining', 'Business and entrepreneurship', 'Sports'"
258,avneetkaur_13,32.5M,India,308.5K,375.8K,"'Cooking', 'Politics', 'Parenting and family'"
259,garethbale11,48.1M,Spain,160.6K,251.8K,"'Fashion', 'Art', 'Photography'"
260,yellow_3to3,6.3M,Indonesia,1.6M,2M,"'Books', 'Politics', 'Photography'"
261,lilyjcollins,26.9M,United States,300.9K,448K,"'Health and wellness', 'Parenting and family', 'Art'"
262,luissuarez9,44.3M,Brazil,179.9K,269.7K,"'Cooking', 'Photography', 'Health and wellness'"
263,realbarbarapalvin,18.2M,Russia,483.4K,652.3K,"'Gardening', 'Gaming', 'Sports'"
264,johnnyjsuh,8.8M,Indonesia,1M,1.4M,"'Gaming', 'Pets', 'Science'"
265,lizgillz,14.1M,Mexico,578.9K,838.1K,"'Food and dining', 'Cars and automobiles', 'Technology'"
266,fedez,14.4M,Italy,593K,820.4K,"'Cars and automobiles', 'Photography', 'Finance and investments'"
267,keniaos,13.9M,Mexico,655.1K,851.8K,"'DIY and crafts', 'Technology', 'Books'"
268,liluzivert,16.4M,United States,392.8K,722.9K,"'Food and dining', 'DIY and crafts', 'History'"
269,_zyozyo,6.7M,Indonesia,1.4M,1.8M,"'Politics', 'Business and entrepreneurship', 'Politics'"
270,heybiblee,14.5M,Indonesia,598.2K,807.6K,"'Movies', 'History', 'Nature'"
271,thehughjackman,30.5M,United States,338.1K,384.4K,"'Gardening', 'Education and learning', 'Gaming'"
272,marvel,66.4M,United States,148K,175.5K,"'Books', 'Beauty', 'Fashion'"
273,nicki.nicole,12.5M,Argentina,630K,931.6K,"'Photography', 'Books', 'Outdoor activities'"
274,yoona__lim,13.9M,Indonesia,700.1K,837.6K,"'Cooking', 'Outdoor activities', 'Movies'"
275,ananyapanday,23.7M,India,419.7K,490.2K,"'Fashion', 'Beauty', 'Art'"
276,pubity,31.8M,United States,249.3K,364.5K,"'Movies', 'Pets', 'Cars and automobiles'"
277,mr_faisu_07,28.3M,India,322.9K,411.8K,"'Outdoor activities', 'Finance and investments', 'Sports'"
278,marshmello,29.5M,United States,267.1K,385.9K,"'DIY and crafts', 'Science', 'Nature'"
279,tigerjackieshroff,35.6M,India,263.7K,321.3K,"'Books', 'Business and entrepreneurship', 'Fitness'"
280,_imyour_joy,14.2M,Indonesia,670.1K,801K,"'History', 'Health and wellness', 'History'"
281,iansomerhalder,23.4M,United States,326.2K,487.6K,"'Pets', 'Social causes and activism', 'Technology'"
282,trippieredd,13.1M,United States,443.1K,868.9K,"'Politics', 'Cooking', 'Gardening'"
283,sachintendulkar,35.6M,India,264.2K,316.7K,"'Cars and automobiles', 'Books', 'Finance and investments'"
284,perrieedwards,15.9M,Brazil,456.6K,712.5K,"'Health and wellness', 'Food and dining', 'Books'"
285,ashishchanchlani,14.6M,India,621.8K,760.3K,"'Education and learning', 'History', 'Art'"
286,iammichelemorroneofficial,15.3M,Brazil,498.4K,714.9K,"'Politics', 'Travel', 'Sports'"
287,dannapaola,34.8M,Mexico,216.1K,313.3K,"'Politics', 'Business and entrepreneurship', 'Business and entrepreneurship'"
288,bhuvan.bam22,14.8M,India,594.9K,736.5K,"'Politics', 'Health and wellness', 'Science'"
289,cbum,10.1M,United States,646.3K,1.1M,"'Movies', 'Cooking', 'Fashion'"
290,psg,62.4M,Brazil,103.2K,172.2K,"'Music', 'History', 'Books'"
291,mina_sr_my,6.6M,Indonesia,1.4M,1.7M,"'Technology', 'Fitness', 'Fitness'"
292,marvelstudios,38.3M,India,249.5K,279.6K,"'Fashion', 'History', 'Books'"
293,tenlee_1001,9.9M,Indonesia,860.9K,1.1M,"'Parenting and family', 'Pets', 'Science'"
294,mirella,27M,Brazil,188.1K,396.4K,"'Cars and automobiles', 'Music', 'Business and entrepreneurship'"
295,greeicy,21.4M,Colombia,371.7K,498.8K,"'Photography', 'Politics', 'Movies'"
296,winmetawin,14.1M,Philippines,673.6K,761.7K,"'Gaming', 'History', 'Education and learning'"
297,anuel,29.4M,Spain,239.8K,366.5K,"'Business and entrepreneurship', 'Finance and investments', 'Business and entrepreneurship'"
298,mont.pantoja,12.4M,Mexico,717.7K,853.8K,"'Pets', 'Business and entrepreneurship', 'Science'"
299,alidaei,9.1M,Iran,722.8K,1.2M,"'Gardening', 'Gaming', 'Food and dining'"
300,jheneaiko,15M,United States,399.5K,700.7K,"'Education and learning', 'Technology', 'Movies'"
301,urvashirautela,54.2M,India,164.4K,194.4K,"'Music', 'Photography', 'Movies'"
302,imsebastianstan,9.4M,United States,941.3K,1.1M,"'Sports', 'Technology', 'Nature'"
303,larasilva,17.4M,Brazil,386.6K,596.8K,"'Cooking', 'Fashion', 'Science'"
304,brunamarquezine,43.1M,Brazil,139.5K,242K,"'Science', 'Travel', 'Technology'"
305,manurios,11M,Mexico,553.3K,933K,"'History', 'Pets', 'Art'"
306,nct127,14.3M,Indonesia,582.8K,720.4K,"'Social causes and activism', 'Business and entrepreneurship', 'Science'"
307,ross_lynch,10.9M,United States,468.5K,935.6K,"'Gaming', 'Pets', 'Movies'"
308,asaprocky,15M,United States,405.6K,678.2K,"'Cars and automobiles', 'Finance and investments', 'Fashion'"
309,maya_hawke,10.1M,United States,723.1K,1M,"'Gaming', 'Nature', 'Technology'"
310,nusr_et,47.7M,Turkey,144.6K,212.8K,"'Beauty', 'Education and learning', 'Art'"
311,neslihanatagul,13.5M,Turkey,608.9K,776.6K,"'Finance and investments', 'Outdoor activities', 'Movies'"
312,arigameplays,11.5M,Mexico,727.8K,873.8K,"'Outdoor activities', 'Science', 'Music'"
313,hi_sseulgi,12.6M,Indonesia,634.2K,794.9K,"'Politics', 'Social causes and activism', 'Books'"
314,whinderssonnunes,58.8M,Brazil,111.2K,171.9K,"'Travel', 'Pets', 'Movies'"
315,bellathorne,25.4M,United States,232.3K,389.7K,"'Sports', 'Outdoor activities', 'Beauty'"
316,nct_dream,10.4M,Indonesia,845K,944K,"'Education and learning', 'History', 'Science'"
317,burakozcivit,22M,Turkey,371.5K,451.1K,"'Science', 'Outdoor activities', 'Food and dining'"
318,luisasonza,30.3M,Brazil,205.6K,325.9K,"'Politics', 'Movies', 'Parenting and family'"
319,xeesoxee,9.7M,Indonesia,784.2K,1M,"'Music', 'Gaming', 'Food and dining'"
320,wwiinn_7,7.4M,Indonesia,1.1M,1.3M,"'Fitness', 'DIY and crafts', 'Outdoor activities'"
321,paulolondra,13.7M,Argentina,451K,704.9K,"'Movies', 'Cars and automobiles', 'Nature'"
322,sofiacarson,20.3M,Brazil,350.6K,475.3K,"'Books', 'Cooking', 'Gaming'"
323,michaelbjordan,18.7M,United States,310.2K,514.5K,"'DIY and crafts', 'Cooking', 'History'"
324,hannahstocking,22.7M,United States,297.5K,422.8K,"'Science', 'Pets', 'Art'"
325,sza,12.6M,United States,451.5K,763.3K,"'Movies', 'Sports', 'Education and learning'"
326,anguscloud,8M,United States,720.1K,1.2M,"'Fitness', 'Health and wellness', 'Finance and investments'"
327,jy_piece,5.5M,Brazil,1.4M,1.7M,"'Food and dining', 'Travel', 'Movies'"
328,nba,70.6M,United States,81.9K,132.6K,"'Beauty', 'Sports', 'Health and wellness'"
329,auba,13.3M,United Kingdom,445K,708.6K,"'Fitness', 'Nature', 'Fitness'"
330,kevindebruyne,18.9M,United Kingdom,320.3K,495.7K,"'DIY and crafts', 'Education and learning', 'History'"
331,juanpazurita,30.3M,Mexico,214.9K,306.1K,"'Fashion', 'Sports', 'Business and entrepreneurship'"
332,haechanahceah,4.6M,Indonesia,1.8M,2M,"'Outdoor activities', 'Food and dining', 'Technology'"
333,chaeyo.0,6.9M,Philippines,1.2M,1.4M,"'Books', 'Pets', 'Social causes and activism'"
334,aron.piper,13.6M,Brazil,356.4K,671.5K,"'Photography', 'Food and dining', 'Pets'"
335,hassan_reyvandi,19.7M,Iran,337.9K,466.9K,"'Health and wellness', 'Business and entrepreneurship', 'Health and wellness'"
336,aespa_official,9.5M,Indonesia,674.8K,970.4K,"'Fitness', 'Gardening', 'History'"
337,rohitsharma45,24.9M,India,324.4K,366.3K,"'Parenting and family', 'Health and wellness', 'Politics'"
338,belindapop,15.6M,Mexico,405.6K,581.1K,"'Sports', 'Social causes and activism', 'History'"
339,dahhyunnee,6.3M,Brazil,1.3M,1.5M,"'Cars and automobiles', 'Parenting and family', 'Movies'"
340,shaq,26.7M,United States,258.1K,338.5K,"'Cooking', 'Science', 'Pets'"
341,kimjuncotton,10.3M,Indonesia,732.4K,873.7K,"'Health and wellness', 'Fitness', 'Gaming'"
342,thenotoriousmma,46.1M,United States,134.4K,194.9K,"'Movies', 'Gaming', 'Travel'"
343,bighit_ent,12.9M,Indonesia,564K,694.9K,"'Food and dining', 'Education and learning', 'Travel'"
344,rauwalejandro,15.1M,Spain,411.1K,596.2K,"'Technology', 'Food and dining', 'Travel'"
345,klrahul,13M,India,538K,687.1K,"'Movies', 'Fashion', 'Outdoor activities'"
346,duki,10.6M,Argentina,541.7K,833.9K,"'Books', 'Cars and automobiles', 'Beauty'"
347,sophiet,14.7M,United States,445.6K,599.1K,"'Cooking', 'Health and wellness', 'Books'"
348,chiaraferragni,27.8M,Italy,189.8K,315.2K,"'Health and wellness', 'Music', 'Art'"
349,toni.kr8s,35.1M,Germany,184K,249.9K,"'Politics', 'Parenting and family', 'History'"
350,sureshraina3,21M,India,369.3K,416.6K,"'Health and wellness', 'Outdoor activities', 'Business and entrepreneurship'"
351,duki,10.6M,Argentina,541.7K,833.9K,"'Fitness', 'Science', 'History'"
352,sophiet,14.7M,United States,445.6K,599.1K,"'Cars and automobiles', 'Travel', 'Books'"
353,michelleobama,50.8M,United States,156.1K,174.6K,"'Technology', 'Nature', 'Gardening'"
354,chiaraferragni,27.8M,Italy,189.8K,315.2K,"'Sports', 'Gaming', 'Politics'"
355,toni.kr8s,35.1M,Germany,184K,249.9K,"'DIY and crafts', 'Beauty', 'Music'"
356,sureshraina3,21M,India,369.3K,416.6K,"'Outdoor activities', 'Science', 'Health and wellness'"
357,ratantata,6.8M,India,1.1M,1.3M,"'Music', 'Travel', 'Food and dining'"
358,charles_leclerc,8.7M,Italy,763.7K,1M,"'Politics', 'Nature', 'Books'"
359,alexandradaddario,22.5M,India,313.1K,382.6K,"'Pets', 'Movies', 'Books'"
360,m_kayoung,8.6M,Indonesia,765.1K,1M,"'Photography', 'History', 'Parenting and family'"
361,joeyking,19.1M,Brazil,313.9K,449.3K,"'Travel', 'Gaming', 'Parenting and family'"
362,stephencurry30,45.9M,United States,140K,187.3K,"'Education and learning', 'Photography', 'Nature'"
363,houseofhighlights,36.1M,United States,130K,238.1K,"'Health and wellness', 'Finance and investments', 'Travel'"
364,lizasoberano,17.5M,Philippines,410.3K,489.4K,"'Art', 'Food and dining', 'Politics'"
365,jadepicon,20.9M,Brazil,187.7K,412.9K,"'Social causes and activism', 'Politics', 'Movies'"
366,wow_kimsohyun,12.4M,Indonesia,592.1K,681.2K,"'Social causes and activism', 'Photography', 'Parenting and family'"
367,todayis_wendy,7.1M,Indonesia,992K,1.2M,"'Art', 'Finance and investments', 'Social causes and activism'"
368,caradelevingne,42.8M,United States,137.4K,192.7K,"'Food and dining', 'Cooking', 'Parenting and family'"
369,c.syresmith,19.2M,United States,275.4K,426.2K,"'Movies', 'Art', 'Cars and automobiles'"
370,darshanravaldz,15.3M,India,438.6K,529.9K,"'Politics', 'Movies', 'Cars and automobiles'"
371,eminem,36.5M,Iran,171.4K,221.2K,"'Technology', 'Food and dining', 'Sports'"
372,lildurk,14.2M,United States,203.2K,573K,"'Finance and investments', 'Gardening', 'Photography'"
373,khabib_nurmagomedov,33.6M,Russia,168K,235.8K,"'Fashion', 'Health and wellness', 'Outdoor activities'"
374,barackobama,35.4M,United States,191.2K,225.1K,"'Cooking', 'Sports', 'Beauty'"
375,liltjay,7.6M,United States,575.8K,1.1M,"'Business and entrepreneurship', 'Fitness', 'Parenting and family'"
376,9gag,58.1M,Indonesia,105.2K,134.6K,"'Outdoor activities', 'Movies', 'Music'"
377,fabriziorom,10.7M,Italy,418.5K,724.5K,"'Sports', 'Outdoor activities', 'Beauty'"
378,ksi,12.1M,United Kingdom,459.5K,645.3K,"'Movies', 'Gardening', 'Finance and investments'"
379,nattinatasha,35.9M,Mexico,179.2K,215K,"'Education and learning', 'Science', 'Technology'"
380,andressasuita,15.8M,Brazil,296.2K,491.3K,"'Finance and investments', 'Books', 'Sports'"
381,_mariahwasa,8.3M,Brazil,725.7K,936.4K,"'Sports', 'Fashion', 'Health and wellness'"
382,lestykejora,25.9M,Indonesia,230.3K,298.5K,"'Pets', 'Health and wellness', 'Books'"
383,lilyachty,10.4M,United States,363.1K,740.1K,"'Books', 'Movies', 'Technology'"
384,nba_youngboy,10.6M,United States,387.5K,749.8K,"'Music', 'Social causes and activism', 'Education and learning'"
385,ssinz7,13.8M,Indonesia,449.9K,552.8K,"'Art', 'Health and wellness', 'History'"
386,dntlrdl,6.9M,Indonesia,850.6K,1.1M,"'Books', 'Cars and automobiles', 'Gaming'"
387,wizkidayo,15.2M,Nigeria,264.7K,513.9K,"'Parenting and family', 'Fitness', 'Movies'"
388,alfinetei,21.8M,Brazil,155.2K,348.8K,"'Gardening', 'Pets', 'Fitness'"
389,gianlucavacchi,22.5M,Brazil,216.3K,332.7K,"'Gaming', 'Parenting and family', 'Politics'"
390,yuu_taa_1026,8.5M,Indonesia,684K,895.7K,"'Cars and automobiles', 'Outdoor activities', 'Fitness'"
391,kunaguero,23.8M,Argentina,181.6K,314.1K,"'Pets', 'Finance and investments', 'Fashion'"
392,prillylatuconsina96,49.2M,Indonesia,107.8K,151.7K,"'Social causes and activism', 'DIY and crafts', 'Fashion'"
393,kjapa,18.5M,United States,279.8K,399.8K,"'Finance and investments', 'Education and learning', 'Finance and investments'"
394,weareone.exo,10M,Indonesia,602.4K,756.4K,"'History', 'Pets', 'Books'"
395,alissaviolet,11.7M,United States,387.1K,622.8K,"'History', 'Food and dining', 'Music'"
396,shehnaazgill,11.8M,India,527.6K,657.8K,"'Gaming', 'Movies', 'Art'"
397,clean_0828,8.3M,Indonesia,712.4K,888.3K,"'DIY and crafts', 'Outdoor activities', 'Beauty'"
398,hshq,6.6M,United States,638.5K,1.1M,"'Technology', 'Outdoor activities', 'Business and entrepreneurship'"
399,deiveleonardo,12.1M,Brazil,330.3K,608.1K,"'Fitness', 'Science', 'Gardening'"
400,markruffalo,20.9M,Brazil,276.4K,348.1K,"'Pets', 'Fashion', 'Art'"
401,premierleague,59.2M,United Kingdom,83.7K,121.9K,"'Food and dining', 'Art', 'Sports'"
402,txt_bighit,12.8M,Indonesia,443.9K,560.3K,"'Education and learning', 'Gaming', 'Gaming'"
403,nickyjam,43.4M,Spain,120.3K,166.4K,"'Cars and automobiles', 'Food and dining', 'Social causes and activism'"
404,lilnasx,12.4M,United States,344.6K,576.5K,"'Parenting and family', 'Art', 'History'"
405,yasmine_sabri,19.6M,Egypt,262.9K,368.8K,"'Books', 'Gaming', 'Fitness'"
406,taina,16.1M,Brazil,212.9K,444.8K,"'Finance and investments', 'Science', 'History'"
407,anyataylorjoy,9.1M,United States,554.7K,799.5K,"'DIY and crafts', 'History', 'Nature'"
408,bellapoarch,14M,United States,379.3K,512.8K,"'Fitness', 'Gaming', 'History'"
409,frenkiedejong,10.8M,Spain,443.8K,667K,"'History', 'Finance and investments', 'Technology'"
410,abdevilliers17,18.8M,India,328.3K,378.8K,"'Photography', 'Beauty', 'Gaming'"
411,conangray,6.8M,Brazil,713K,1.1M,"'Fashion', 'Fashion', 'Fashion'"
412,mariabecerra,10.4M,Argentina,289.2K,683K,"'Fashion', 'Education and learning', 'Music'"
413,annakendrick47,22.2M,United States,244.3K,319.3K,"'Art', 'Sports', 'Finance and investments'"
414,jinyoung_0922jy,9.9M,Indonesia,544.8K,720.5K,"'Travel', 'History', 'Fitness'"
415,o.dembele7,11.5M,Spain,358.5K,613.2K,"'Health and wellness', 'Fitness', 'Gardening'"
416,alwaysramcharan,8.3M,India,766.5K,858.3K,"'Fitness', 'Fitness', 'Books'"
417,krisjenner,49.9M,United States,92.1K,140K,"'Technology', 'Art', 'Travel'"
418,larissamanoela,46.8M,Brazil,90.1K,149.6K,"'Science', 'Fitness', 'Fashion'"
419,demetozdemir,15.4M,India,357.8K,456.6K,"'Social causes and activism', 'Science', 'Finance and investments'"
420,melo,9.2M,United States,377.5K,767.4K,"'Health and wellness', 'Nature', 'Fitness'"
421,dqsalmaan,11.1M,India,462.4K,625.8K,"'Photography', 'Health and wellness', 'Sports'"
422,kehlani,14.2M,United States,314.8K,490.5K,"'Travel', 'Sports', 'Business and entrepreneurship'"
423,_seorina,6.6M,South Korea,858.3K,1.1M,"'Health and wellness', 'Finance and investments', 'Cooking'"
424,anupamaparameswaran96,12.5M,India,485K,554.8K,"'Politics', 'DIY and crafts', 'Travel'"
425,marktuan,12.9M,Indonesia,423.5K,534.4K,"'DIY and crafts', 'Fashion', 'Education and learning'"
426,evcenf,13.1M,Turkey,418.9K,528.8K,"'Travel', 'Cars and automobiles', 'Business and entrepreneurship'"
427,yejinhand,7.1M,Indonesia,757.9K,986.8K,"'Sports', 'Business and entrepreneurship', 'Cooking'"
428,barbieferreira,6.3M,United States,609.4K,1.1M,"'Politics', 'Cars and automobiles', 'Books'"
429,mingue.k,6.1M,Indonesia,926.1K,1.1M,"'Politics', 'Movies', 'Travel'"
430,frenchmontana,31M,United States,134.3K,221.2K,"'Gaming', 'Art', 'Books'"
431,sadiomaneofficiel,12.1M,United Kingdom,390.4K,556.4K,"'Movies', 'Gardening', 'Beauty'"
432,shaymitchell,34.3M,United States,140.1K,196.4K,"'DIY and crafts', 'Pets', 'Beauty'"
433,peytonlist,20.2M,United States,221.2K,332.5K,"'Business and entrepreneurship', 'Business and entrepreneurship', 'Sports'"
434,dixiedamelio,24.8M,United States,184.7K,270.7K,"'Pets', 'Cooking', 'Politics'"
435,alok,27.8M,Brazil,188.8K,241.5K,"'Photography', 'Art', 'Finance and investments'"
436,yaocabrera,16.5M,Argentina,187.4K,406.8K,"'Pets', 'Health and wellness', 'Gaming'"
437,amandacerny,23.7M,India,175.5K,281.4K,"'Food and dining', 'Pets', 'Technology'"
438,parineetichopra,37.7M,India,153.5K,177.3K,"'Pets', 'Photography', 'Cooking'"
439,gururandhawa,32.9M,India,166.4K,204.5K,"'Food and dining', 'Music', 'Finance and investments'"
440,chelseafc,35.6M,Indonesia,125K,186.9K,"'Music', 'Politics', 'Education and learning'"
441,layzhang,14.2M,Indonesia,446.1K,472.5K,"'Art', 'Gardening', 'History'"
442,maisa,44.8M,Brazil,108.9K,148.4K,"'Music', 'Technology', 'Parenting and family'"
443,wi__wi__wi,10M,South Korea,556.9K,670K,"'Gardening', 'Movies', 'Cars and automobiles'"
444,madhuridixitnene,32.7M,India,173K,200.4K,"'Photography', 'Gardening', 'Cooking'"
445,jakepaul,20.6M,United States,190.4K,320.4K,"'Gardening', 'Photography', 'Cooking'"
446,mathildtantot,10.1M,United States,424.6K,642.6K,"'Music', 'Pets', 'Technology'"
447,for_everyoung10,5.8M,Indonesia,902.9K,1.1M,"'Fashion', 'Music', 'Science'"
448,leaelui,11.4M,India,337.5K,567.2K,"'Nature', 'Art', 'History'"
449,miguel.g.herran,13.8M,Brazil,309.5K,465.7K,"'Movies', 'Photography', 'Pets'"
450,iscoalarcon,25.4M,Spain,175.3K,253.7K,"'Movies', 'Outdoor activities', 'Outdoor activities'"
451,jakepaul,20.6M,United States,190.4K,320.4K,"'Gardening', 'Movies', 'Science'"
452,mathildtantot,10.1M,United States,424.6K,642.6K,"'Pets', 'Movies', 'Pets'"
453,leaelui,11.4M,India,337.5K,567.2K,"'Fitness', 'Fitness', 'Business and entrepreneurship'"
454,miguel.g.herran,13.8M,Brazil,309.5K,465.7K,"'Nature', 'Music', 'Nature'"
455,iscoalarcon,25.4M,Spain,175.3K,253.7K,"'Social causes and activism', 'Fashion', 'Fashion'"
456,camilo,27.5M,Argentina,146.1K,231.8K,"'Education and learning', 'Health and wellness', 'Food and dining'"
457,leonardodicaprio,54.7M,United States,94.1K,117.5K,"'Science', 'Education and learning', 'Beauty'"
458,jennaortega,8.6M,United States,523.2K,745.3K,"'Technology', 'Parenting and family', 'Science'"
459,susana.dxoxo,13.5M,India,299.2K,482.4K,"'Movies', 'Technology', 'Finance and investments'"
460,teddysphotos,40.3M,United States,114.2K,155.4K,"'Health and wellness', 'Education and learning', 'Fashion'"
461,channingtatum,17M,United States,254.7K,367.1K,"'Social causes and activism', 'Fitness', 'Photography'"
462,vanessahudgens,47.1M,United States,80.4K,132K,"'Gaming', 'Photography', 'Fashion'"
463,antogriezmann,36.6M,Spain,105.1K,169.4K,"'Gardening', 'Social causes and activism', 'Sports'"
464,florencepugh,7.9M,United States,523.2K,800K,"'Parenting and family', 'DIY and crafts', 'Parenting and family'"
465,jessnolimit,7.3M,Indonesia,716.3K,858.2K,"'Business and entrepreneurship', 'Parenting and family', 'Technology'"
466,vinniehacker,5.9M,United States,506.6K,1.1M,"'Music', 'Pets', 'Travel'"
467,saweetie,13.1M,United States,201.8K,469.2K,"'Business and entrepreneurship', 'Books', 'Sports'"
468,adidasfootball,31.7M,Brazil,141.6K,193.1K,"'Social causes and activism', 'Food and dining', 'Photography'"
469,i_m_hendery,6.4M,United States,755.2K,978.8K,"'Fitness', 'Food and dining', 'Business and entrepreneurship'"
470,loud_victor,10.7M,Brazil,449.1K,573.9K,"'Cars and automobiles', 'Food and dining', 'Photography'"
471,xuminghao_o,5.4M,Indonesia,908.9K,1.1M,"'Science', 'Fashion', 'DIY and crafts'"
472,polo.capalot,10.5M,United States,349.3K,574.8K,"'Photography', 'Beauty', 'Nature'"
473,adamweitsman,18.3M,Russia,242.4K,330.8K,"'Technology', 'Beauty', 'Photography'"
474,corinnakopf,6.8M,United States,586.7K,898.1K,"'Education and learning', 'Travel', 'Photography'"
475,romeosantos,19.3M,United States,255.5K,316.4K,"'Cars and automobiles', 'Business and entrepreneurship', 'Books'"
476,nianaguerrero,14.2M,Indonesia,335.3K,420.7K,"'Photography', 'Gaming', 'Beauty'"
477,lilpeep,7.6M,United States,475.6K,799.9K,"'Gardening', 'Parenting and family', 'Pets'"
478,juventus,54.8M,India,75.5K,110.5K,"'Fashion', 'Cooking', 'Beauty'"
479,vegetta777,6.2M,Mexico,715.6K,976.1K,"'Photography', 'History', 'Outdoor activities'"
480,davikah,17.1M,Thailand,269.2K,348.7K,"'Nature', 'Books', 'Books'"
481,vickykaushal09,14.2M,India,357.8K,419.9K,"'Gardening', 'Fashion', 'Nature'"
482,aliiiiiiiikarimi8,9.8M,Iran,415.5K,630.7K,"'Health and wellness', 'Technology', 'Finance and investments'"
483,goar_avetisyan,11.7M,Russia,370K,512.5K,"'Nature', 'Food and dining', 'Cooking'"
484,navidmohammadzadeh,8.6M,Iran,495.9K,700.1K,"'Education and learning', 'Technology', 'Books'"
485,jokowi,48.1M,Indonesia,98.8K,124.7K,"'Gardening', 'Music', 'Cars and automobiles'"
486,pablogavi,5.9M,Spain,685.1K,1M,"'Nature', 'Movies', 'Pets'"
487,djxiao_888,7M,Indonesia,685K,856.8K,"'Sports', 'Food and dining', 'History'"
488,fuji_an,11.8M,Indonesia,208.5K,495.9K,"'Education and learning', 'Beauty', 'Art'"
489,easportsfifa,27.2M,Spain,127.9K,214.5K,"'Movies', 'Cars and automobiles', 'Pets'"
490,coldplay,17.6M,Brazil,237.8K,331.2K,"'Parenting and family', 'Outdoor activities', 'Finance and investments'"
491,cazzu,10.5M,Argentina,430.8K,552.1K,"'Books', 'Finance and investments', 'Beauty'"
492,joshu_acoustic,5M,India,997.2K,1.2M,"'Sports', 'Fitness', 'Parenting and family'"
493,kyo1122,13.4M,Indonesia,336.7K,428.7K,"'Beauty', 'Fitness', 'Fitness'"
494,tiffanyyoungofficial,12.8M,Indonesia,359.6K,449.9K,"'Gardening', 'Music', 'Fashion'"
495,dababy,21.3M,United States,166.7K,271.1K,"'Photography', 'Food and dining', 'Technology'"
496,yangyang_x2,6.4M,Indonesia,714.5K,907.2K,"'Parenting and family', 'Pets', 'Education and learning'"
497,jailyneojeda,14.1M,United States,293.3K,405.7K,"'Gardening', 'Technology', 'Outdoor activities'"
498,obj,16.4M,United States,182.6K,347.6K,"'Cars and automobiles', 'Music', 'Photography'"
499,bernardokath,17.4M,Philippines,270.7K,326.2K,"'Health and wellness', 'Gaming', 'Social causes and activism'"
500,simonemendes,35.5M,Brazil,128K,161.5K,"'Finance and investments', 'Social causes and activism', 'Politics'"
501,gisele,19.7M,Brazil,194.8K,289.5K,"'Health and wellness', 'History', 'Finance and investments'"
502,ana_d_armas,7.9M,United States,533.3K,721.4K,"'Books', 'Movies', 'Fitness'"
503,nazriyafahadh,6.4M,India,666.1K,892.3K,"'Travel', 'History', 'Social causes and activism'"
504,rachel_mypark,10.3M,Indonesia,433.5K,540K,"'Politics', 'Food and dining', 'Art'"
505,phil.coutinho,24.9M,Brazil,136.7K,222.1K,"'Finance and investments', 'History', 'Fashion'"
506,nicholasgalitzine,4.1M,Brazil,817.7K,1.4M,"'Business and entrepreneurship', 'History', 'Photography'"
507,sound_of_coups,4.5M,Indonesia,986.3K,1.3M,"'Parenting and family', 'Cars and automobiles', 'Business and entrepreneurship'"
508,cocielo,19.2M,Brazil,182.4K,285.6K,"'Travel', 'Health and wellness', 'Technology'"
509,julesleblanc,9.8M,United States,392.3K,567.7K,"'Outdoor activities', 'Education and learning', 'Technology'"
510,anjimaxuofficially,11.9M,India,363.2K,464.8K,"'Science', 'Education and learning', 'Parenting and family'"
511,kit.connor,4.5M,United States,734.8K,1.2M,"'Technology', 'Social causes and activism', 'Food and dining'"
512,jackharlow,6.9M,United States,425.9K,795.1K,"'Education and learning', 'Food and dining', 'Technology'"
513,euphoria,7.8M,United States,434.3K,700.8K,"'Gaming', 'Technology', 'Books'"
514,lucasranngel,20.1M,Brazil,121.4K,268.8K,"'Finance and investments', 'Gardening', 'Cooking'"
515,briandadeyanara,13.5M,Mexico,337.5K,396.3K,"'Health and wellness', 'Cooking', 'Fashion'"
516,daquan,16.7M,United States,207.3K,319.7K,"'Pets', 'Fitness', 'Music'"
517,sommerray,26.3M,United States,129.5K,203.2K,"'Food and dining', 'Finance and investments', 'Gardening'"
518,theshilpashetty,26.5M,India,173.5K,201.6K,"'Parenting and family', 'Fashion', 'Fashion'"
519,charlieputh,16.7M,United States,222.8K,316.7K,"'Education and learning', 'DIY and crafts', 'Education and learning'"
520,golfarahani,13.7M,Iran,301.7K,388.9K,"'Art', 'Pets', 'Business and entrepreneurship'"
521,choquei,17.5M,Brazil,97.1K,301.6K,"'Beauty', 'Beauty', 'Education and learning'"
522,kingbach,23.1M,United States,113.3K,227.2K,"'Beauty', 'Books', 'Outdoor activities'"
523,dra.deolanebezerra,15M,Brazil,163.6K,351.3K,"'Fashion', 'Music', 'Photography'"
524,lexibrookerivera,8.5M,United States,512K,640.5K,"'Parenting and family', 'Pets', 'Fashion'"
525,yooncy1,4.9M,South Korea,904.7K,1.1M,"'Politics', 'Books', 'Health and wellness'"
526,k.kbeom,5.4M,Indonesia,798.4K,977.1K,"'Outdoor activities', 'Finance and investments', 'Education and learning'"
527,angelinajolie,13.6M,Brazil,232.4K,384.9K,"'Books', 'Sports', 'Gaming'"
528,liamhemsworth,13M,United States,280.9K,398.9K,"'Cars and automobiles', 'Cooking', 'Cooking'"
529,klaythompson,13.4M,United States,267.5K,388.8K,"'Cooking', 'Travel', 'Books'"
530,caviarmagnat,15.1M,Russia,239.3K,345.9K,"'Travel', 'Music', 'Parenting and family'"
531,melissamelmaia,13.5M,Brazil,211.4K,383K,"'Outdoor activities', 'Beauty', 'Business and entrepreneurship'"
532,soohyun_k216,13.9M,Indonesia,304.8K,371K,"'Books', 'Food and dining', 'Travel'"
533,yerimiese,10.7M,Indonesia,386.7K,478.9K,"'History', 'Gardening', 'Food and dining'"
534,superstar_dewasi99,13.5M,India,241.7K,381.8K,"'Music', 'Technology', 'History'"
535,d_degeaofficial,13.8M,United Kingdom,264.2K,373.9K,"'Outdoor activities', 'Art', 'Books'"
536,urstrulymahesh,8.8M,India,534.1K,588K,"'Finance and investments', 'Parenting and family', 'DIY and crafts'"
537,angeldimariajm,18.5M,Argentina,186.7K,275.2K,"'Art', 'Travel', 'Cooking'"
538,fuckjerry,16.8M,United States,236.6K,306K,"'Business and entrepreneurship', 'Art', 'Music'"
539,__youngbae__,13.6M,Indonesia,331K,373.9K,"'Science', 'Politics', 'Music'"
540,d_a___m_i,4.6M,Indonesia,900K,1.1M,"'Gaming', 'Gardening', 'Music'"
541,salmahayek,21.6M,United States,189.1K,233.8K,"'Beauty', 'Cooking', 'Business and entrepreneurship'"
542,lakers,20.2M,United States,161.7K,247.9K,"'Movies', 'DIY and crafts', 'Science'"
543,actorsuriya,5.4M,India,733.8K,952.3K,"'Fitness', 'Social causes and activism', 'Parenting and family'"
544,yugyeom,11.5M,Brazil,364.6K,437.4K,"'Music', 'Cars and automobiles', 'Education and learning'"
545,dindahw,14.6M,Indonesia,228.7K,342.4K,"'Education and learning', 'Nature', 'Pets'"
546,dylansprouse,9.1M,United States,352.5K,553.4K,"'Business and entrepreneurship', 'Politics', 'Sports'"
547,sav.labrant,7.1M,United States,518.8K,693.9K,"'Technology', 'Fashion', 'Food and dining'"
548,riteishd,15.3M,India,272.7K,318.6K,"'Parenting and family', 'History', 'Gaming'"
549,ozuna,22.5M,Spain,160.7K,215.6K,"'Art', 'DIY and crafts', 'Gardening'"
550,xsqueezie,7.9M,France,526.4K,615.6K,"'Beauty', 'Sports', 'Cooking'"
551,emiliamernes,6.2M,Argentina,415K,781K,"'Photography', 'Art', 'Photography'"
552,nehasharmaofficial,14.8M,India,280.7K,322.5K,"'Books', 'DIY and crafts', 'History'"
553,sommerray,26.3M,United States,115.2K,180.9K,"'Travel', 'History', 'Movies'"
554,srinidhi_shetty,4.4M,India,818.6K,1.1M,"'Gaming', 'History', 'Outdoor activities'"
555,shreyaghoshal,24.8M,India,171.2K,191.2K,"'Music', 'Travel', 'Pets'"
556,memezar,23M,United States,137.2K,204.5K,"'Photography', 'Travel', 'Gaming'"
557,chloegmoretz,21.5M,United States,163.2K,218.3K,"'Pets', 'Art', 'Cars and automobiles'"
558,warriors,25.5M,United States,132K,183K,"'Fitness', 'History', 'Politics'"
559,gusttavolima,44M,Brazil,64.7K,107.2K,"'Parenting and family', 'Politics', 'Business and entrepreneurship'"
560,kun11xd,6.9M,Indonesia,552.5K,689.6K,"'Parenting and family', 'Pets', 'Politics'"
561,lukehemmings,7.9M,United States,351.7K,599.7K,"'Finance and investments', 'Pets', 'Politics'"
562,juansguarnizo,6.3M,Mexico,683.7K,748.7K,"'Cooking', 'Gaming', 'Travel'"
563,amauryguichon,9.5M,United States,404K,492.3K,"'History', 'Nature', 'Fitness'"
564,phoebejtonkin,8.4M,United States,388.3K,554.1K,"'Beauty', 'Sports', 'Outdoor activities'"
565,nita_shilimkar,11.5M,India,301.8K,398.6K,"'Outdoor activities', 'Pets', 'Pets'"
566,gessicakayane,20M,Brazil,111.7K,231.2K,"'History', 'Books', 'Education and learning'"
567,nessabarrett,7.3M,United States,470.7K,637.9K,"'Books', 'Fitness', 'Politics'"
568,liverpoolfc,40.3M,United Kingdom,81K,113.1K,"'Cooking', 'Beauty', 'Technology'"
569,dew_jsu,6.3M,Indonesia,544.5K,732.3K,"'Food and dining', 'Politics', 'Technology'"
570,itsmarziapie,8.3M,United States,450.1K,549.9K,"'Nature', 'Sports', 'Food and dining'"
571,lizakoshy,20.2M,United States,167K,222.4K,"'Cooking', 'Photography', 'Fitness'"
572,hztttao,11.3M,Indonesia,357.9K,398.3K,"'Photography', 'DIY and crafts', 'Outdoor activities'"
573,pozevidalouca,8.2M,Brazil,223.1K,560.8K,"'Education and learning', 'Gaming', 'Travel'"
574,icc,24.1M,India,153.9K,184.6K,"'Art', 'Finance and investments', 'Science'"
575,sushitrash,6.5M,United States,570.6K,698.1K,"'DIY and crafts', 'Books', 'Business and entrepreneurship'"
576,hugogloss,20.3M,Brazil,110.9K,218.7K,"'Music', 'Social causes and activism', 'Books'"
577,donya,15.3M,Iran,194.2K,308.6K,"'Beauty', 'Fitness', 'Fitness'"
578,lilyrose_depp,6.7M,United States,421.7K,662.8K,"'Politics', 'Travel', 'Beauty'"
579,sportscenter,31.8M,United States,76.6K,137.3K,"'Cooking', 'Education and learning', 'Fitness'"
580,leejen_o_423,2.2M,,0,2.3M,"'DIY and crafts', 'Science', 'Photography'"
581,asabopp,5.7M,Brazil,521.7K,762.7K,"'Pets', 'Art', 'Travel'"
582,naileadevora,5.3M,United States,560.6K,828.5K,"'Health and wellness', 'Health and wellness', 'Parenting and family'"
583,actorprabhas,8.8M,India,443.3K,496.3K,"'Outdoor activities', 'Photography', 'Sports'"
584,amitabhbachchan,31.1M,India,119.6K,138.3K,"'Fitness', 'Music', 'Pets'"
585,missasinfonia,5.8M,Mexico,667.4K,747.7K,"'Movies', 'Education and learning', 'Art'"
586,sandrinna_11,10.7M,Indonesia,311.1K,396.8K,"'Pets', 'Science', 'Fitness'"
587,theellenshow,125.1M,United States,28.4K,34.2K,"'Sports', 'Photography', 'Outdoor activities'"
588,jeonghaniyoo_n,3.6M,Iran,935.4K,1.2M,"'Health and wellness', 'Gardening', 'Gardening'"
589,memphisdepay,15.4M,France,155.7K,277.2K,"'Books', 'Nature', 'Gaming'"
590,aishwaryaraibachchan_arb,10.4M,India,318.2K,406.6K,"'Gaming', 'Cooking', 'Nature'"
591,otabek_muhammadalievich,20M,Russia,157.4K,211.9K,"'Fitness', 'Pets', 'Fashion'"
592,pedri,7.1M,Spain,0,598.5K,"'Pets', 'Art', 'Business and entrepreneurship'"
593,reesewitherspoon,28.3M,United States,124.4K,149.2K,"'Fitness', 'Outdoor activities', 'Outdoor activities'"
594,marcusrashford,12.8M,United Kingdom,206.6K,326.9K,"'Movies', 'Nature', 'Cooking'"
595,matue,8.1M,Brazil,288.8K,530.6K,"'Technology', 'Sports', 'Business and entrepreneurship'"
596,alexadellanos,9.8M,United States,276.5K,432.6K,"'Nature', 'Health and wellness', 'Fashion'"
597,faz3,14.7M,United Arab Emirates,221.1K,289.9K,"'Technology', 'Nature', 'DIY and crafts'"
598,ronaldo,23.5M,Brazil,103.4K,178.3K,"'Travel', 'Cooking', 'DIY and crafts'"
599,araikgalstyanmoscowschool,16.3M,Turkey,197.6K,255.7K,"'Science', 'Social causes and activism', 'History'"
600,l7nnon,8.8M,Brazil,200.9K,477.2K,"'Gardening', 'Movies', 'Social causes and activism'"
601,l7nnon,8.8M,Brazil,200.9K,477.2K,"'Science', 'Beauty', 'Movies'"
602,avrillavigne,11.7M,Brazil,284.5K,354.2K,"'Cooking', 'Education and learning', 'DIY and crafts'"
603,karelyruiz,7M,Mexico,472.4K,593K,"'Music', 'Movies', 'Health and wellness'"
604,rizkybillar,12.9M,Indonesia,248.5K,321K,"'Parenting and family', 'Cooking', 'Cooking'"
605,victoriajustice,22.9M,United States,131.1K,179.4K,"'Parenting and family', 'Cooking', 'Art'"
606,vousmevoyez,10.4M,Indonesia,304.7K,395.2K,"'Gardening', 'Pets', 'Travel'"
607,zoeisabellakravitz,8.4M,United States,323.3K,490.4K,"'Education and learning', 'Social causes and activism', 'Cooking'"
608,egupta,11.6M,India,280.6K,351.3K,"'Education and learning', 'Movies', 'DIY and crafts'"
609,catherinemcbroom,7.3M,United States,329.5K,565.9K,"'Gaming', 'Finance and investments', 'Pets'"
610,malutrevejo,11.5M,United States,197.2K,353.8K,"'DIY and crafts', 'Politics', 'Gardening'"
611,elmarianaa,4.5M,Mexico,809.5K,919.4K,"'Fitness', 'Politics', 'DIY and crafts'"
612,avengers,13.6M,India,238.8K,299.1K,"'Fitness', 'Education and learning', 'Science'"
613,skaijackson,8M,United States,290.5K,512.7K,"'Books', 'Health and wellness', 'Fashion'"
614,iam_linyi,4M,Indonesia,781K,1M,"'Gaming', 'Social causes and activism', 'Fitness'"
615,yihyun_1208,5.2M,South Korea,618.9K,783.4K,"'Politics', 'Outdoor activities', 'Health and wellness'"
616,nickjonas,33.1M,United States,86.1K,122.5K,"'Health and wellness', 'Parenting and family', 'Cooking'"
617,everyone_woo,3.4M,Indonesia,935.5K,1.2M,"'Travel', 'Gardening', 'Travel'"
618,aleoliveiracm,8.5M,Brazil,198K,507.9K,"'Social causes and activism', 'History', 'Gardening'"
619,nikkietutorials,16.5M,United States,178K,242.2K,"'Politics', 'Cars and automobiles', 'Fashion'"
620,centralcee,4.4M,United Kingdom,373.4K,914.7K,"'Fashion', 'Pets', 'Science'"
621,andreavaldirisos,8.7M,Colombia,326.9K,465K,"'Business and entrepreneurship', 'Education and learning', 'Photography'"
622,pledis_boos,4.5M,Indonesia,732.3K,888.4K,"'Music', 'Pets', 'Fitness'"
623,jenna_chew,7.9M,United States,414.7K,506.2K,"'Pets', 'DIY and crafts', 'Beauty'"
624,simaria,28.3M,Brazil,96.5K,140.4K,"'Gaming', 'Business and entrepreneurship', 'Business and entrepreneurship'"
625,romanreigns,6.6M,India,471.8K,612.4K,"'Politics', 'Movies', 'Social causes and activism'"
626,netflixbrasil,32.6M,Brazil,70.7K,120.8K,"'Books', 'Food and dining', 'Education and learning'"
627,piawurtzbach,13.8M,Philippines,234.5K,282.8K,"'Food and dining', 'Health and wellness', 'Food and dining'"
628,soueunavida,18.1M,Brazil,114.5K,218.5K,"'Sports', 'Education and learning', 'Science'"
629,kenzie,14.8M,United States,171.2K,260.5K,"'Finance and investments', 'DIY and crafts', 'Cars and automobiles'"
630,ozgecangurelofficial,5.8M,Turkey,553.2K,679.9K,"'Food and dining', 'Parenting and family', 'Parenting and family'"
631,adinross,3.6M,United States,607.6K,1.2M,"'Social causes and activism', 'Health and wellness', 'Finance and investments'"
632,realcoleworld,7.7M,United States,266.4K,506.4K,"'Parenting and family', 'Politics', 'Food and dining'"
633,mancity,34.3M,United Kingdom,83K,112.1K,"'Technology', 'Outdoor activities', 'Social causes and activism'"
634,perspolis,8.3M,Iran,335.2K,476.4K,"'Parenting and family', 'Music', 'Cooking'"
635,lacasadepapel,12.6M,Brazil,202.5K,304.4K,"'Finance and investments', 'Gardening', 'Music'"
636,cvillaloboss,20.5M,Colombia,151.4K,186.7K,"'Politics', 'Photography', 'Food and dining'"
637,jeromepolin,7M,Indonesia,379K,555.5K,"'Fashion', 'Fitness', 'Science'"
638,sarahhyland,9.9M,United States,310.1K,387.7K,"'Outdoor activities', 'Sports', 'Art'"
639,dejesusoficial,18.4M,Brazil,132.4K,205K,"'Technology', 'Food and dining', 'Cars and automobiles'"
640,aliandooo,17.1M,Indonesia,144.1K,229.9K,"'Business and entrepreneurship', 'Technology', 'Gaming'"
641,aslisona,23.3M,India,134.4K,162.6K,"'Science', 'Parenting and family', 'Technology'"
642,playstation,28.9M,United States,107.3K,131.4K,"'Music', 'Technology', 'Science'"
643,drewstarkey,3.1M,United States,622.4K,1.2M,"'Movies', 'Business and entrepreneurship', 'Fashion'"
644,youngdae0302,4.5M,Indonesia,636.2K,839.8K,"'Beauty', 'Movies', 'Gaming'"
645,sanchooo10,8.9M,United Kingdom,244.6K,427.7K,"'Sports', 'Parenting and family', 'Social causes and activism'"
646,lamborghini,32.2M,India,83.8K,115.6K,"'Fitness', 'Education and learning', 'Nature'"
647,geewonii,7.7M,Indonesia,369.8K,486.8K,"'Pets', 'Travel', 'Sports'"
648,taylor_hill,20.5M,United States,121K,180.5K,"'History', 'Politics', 'Fitness'"
649,sooyoungchoi,7.4M,Indonesia,421.3K,508.5K,"'Science', 'Technology', 'Art'"
650,natashawilona12,39.4M,Indonesia,78.5K,93.7K,"'Technology', 'Music', 'Gardening'"
651,chrissyteigen,39.1M,United States,72K,94K,"'Art', 'Art', 'Movies'"
652,francinyehlke,15.6M,Brazil,107.9K,235.9K,"'Cars and automobiles', 'Travel', 'Parenting and family'"
653,dacremontgomery,8.8M,United States,314.2K,419.9K,"'Cooking', 'Pets', 'Food and dining'"
654,lizzobeeating,12.9M,United States,204.1K,286K,"'Fitness', 'History', 'Photography'"
655,dylanminnette,7.3M,United States,312.1K,507.4K,"'Technology', 'Beauty', 'Books'"
656,nita_shilimkar,11.5M,India,240.5K,318K,"'Gardening', 'Photography', 'Sports'"
657,phoebejtonkin,8.4M,United States,309.4K,441.6K,"'Photography', 'Photography', 'Gaming'"
658,39saku_chan,4.3M,Indonesia,708K,873.1K,"'Cooking', 'Cars and automobiles', 'Books'"
659,rogerfederer,9.8M,Spain,294.3K,380.8K,"'Nature', 'Outdoor activities', 'Gardening'"
660,geneliad,10.4M,India,282.6K,350K,"'Books', 'Technology', 'Music'"
661,dbook,5.4M,United States,349.4K,687K,"'Books', 'Health and wellness', 'Sports'"
662,theslumpgod,5.4M,United States,398.5K,693.5K,"'Cooking', 'Fitness', 'Photography'"
663,paulwalker,15.1M,India,175.9K,241.1K,"'Fitness', 'Beauty', 'Music'"
664,iampauloandre,9.9M,Brazil,135.4K,381.2K,"'Sports', 'Sports', 'Books'"
665,parishilton,20.2M,United States,109.3K,180.6K,"'Movies', 'Gardening', 'Books'"
666,maudyayunda,17.2M,Indonesia,143.2K,211.1K,"'Finance and investments', 'Gaming', 'Cooking'"
667,blonded,3.7M,United States,529.9K,990.1K,"'Music', 'Business and entrepreneurship', 'Fashion'"
668,djsnake,9.7M,India,318.5K,378.2K,"'Movies', 'Books', 'DIY and crafts'"
669,achrafhakimi,10.1M,Morocco,244.3K,359K,"'History', 'Beauty', 'Finance and investments'"
670,bleacherreport,19.6M,United States,94.3K,186.1K,"'Food and dining', 'DIY and crafts', 'Science'"
671,offsetyrn,19.9M,United States,102.6K,183.9K,"'Parenting and family', 'Food and dining', 'Sports'"
672,narins_beauty,9.3M,Syria,329.8K,405.2K,"'Parenting and family', 'DIY and crafts', 'Art'"
673,kyrieirving,17.2M,United States,140.2K,212.1K,"'Parenting and family', 'Nature', 'Music'"
674,myketowers,9.5M,Spain,216K,389.6K,"'Travel', 'Cooking', 'History'"
675,burcuozberk,9.3M,Turkey,305.4K,395.5K,"'Cooking', 'Health and wellness', 'Outdoor activities'"
676,chrismcg,11.1M,United States,147.2K,324K,"'Politics', 'Fitness', 'Education and learning'"
677,indiancricketteam,25.6M,India,119.9K,139.9K,"'Photography', 'Fitness', 'Nature'"
678,oprah,21.5M,United States,143.7K,169.8K,"'Social causes and activism', 'Music', 'Cooking'"
679,machinegunkelly,9.7M,United States,233.4K,375.2K,"'Pets', 'Gaming', 'Fashion'"
680,elliotpage,6.2M,United States,405.1K,583.1K,"'Health and wellness', 'Beauty', 'History'"
681,raashiikhanna,8.6M,India,350.6K,417.9K,"'Education and learning', 'Politics', 'Food and dining'"
682,beautifuldestinations,24.7M,United States,107.6K,144.3K,"'Health and wellness', 'Gaming', 'Food and dining'"
683,madisonbaileybabe,6.7M,United States,288.9K,541K,"'Beauty', 'Finance and investments', 'DIY and crafts'"
684,rishabpant,6.9M,India,439.7K,522.3K,"'Photography', 'Technology', 'Gaming'"
685,ho5hi_kwon,3.6M,Indonesia,765.2K,995.2K,"'Art', 'Parenting and family', 'DIY and crafts'"
686,bigsean,15.4M,United States,125.4K,228.8K,"'Music', 'Movies', 'Science'"
687,brfootball,12.6M,United States,172.1K,278.1K,"'Health and wellness', 'Music', 'Outdoor activities'"
688,kingryan,9M,United States,261.4K,394.8K,"'History', 'Nature', 'Fashion'"
689,andresiniesta8,40.2M,Spain,60K,87K,"'Cooking', 'Sports', 'Fitness'"
690,alvxaro,9.9M,Brazil,144.6K,362.4K,"'Finance and investments', 'Technology', 'Health and wellness'"
691,willevy,10.9M,Brazil,242.1K,326.1K,"'DIY and crafts', 'Pets', 'Social causes and activism'"
692,pokimanelol,6.2M,United States,436.7K,575.3K,"'Books', 'Pets', 'Sports'"
693,jamorant,7.7M,United States,284.6K,459.9K,"'Social causes and activism', 'Technology', 'Beauty'"
694,amadorat,8.3M,Mexico,378.8K,423.3K,"'Social causes and activism', 'Fitness', 'Nature'"
695,smriti_mandhana,6.5M,India,472.1K,547K,"'Nature', 'Business and entrepreneurship', 'Music'"
696,marinaruybarbosa,40.9M,Brazil,56.3K,85.9K,"'Gaming', 'Movies', 'History'"
697,alishalehmann7,8.2M,Brazil,227.8K,430.1K,"'Gardening', 'Finance and investments', 'Gaming'"
698,bhadbhabie,16.4M,United States,112.4K,210.9K,"'Movies', 'Travel', 'Fashion'"
699,dear.zia,3.7M,South Korea,839.7K,944.5K,"'Science', 'Education and learning', 'Cooking'"
700,haifawehbe,10.5M,Iraq,226.6K,331.8K,"'Nature', 'Health and wellness', 'Nature'"
701,dkharbour,9.7M,United States,274.5K,359.7K,"'Gaming', 'Health and wellness', 'Gaming'"
702,eilirjani,10.4M,Albania,229.1K,330.8K,"'Gaming', 'Nature', 'Movies'"
703,agnezmo,29M,Indonesia,71.3K,118.4K,"'Cars and automobiles', 'Cars and automobiles', 'Fitness'"
704,staceysolomon,5.4M,United Kingdom,536.2K,645.9K,"'Food and dining', 'Nature', 'Gaming'"
705,supercarblondie,10.8M,India,200.1K,317.1K,"'Gardening', 'Pets', 'Beauty'"
706,arishfakhan138,29.4M,India,96.6K,117.3K,"'Health and wellness', 'Fashion', 'Cars and automobiles'"
707,sebastianyatra,29.8M,Argentina,82.3K,114.9K,"'DIY and crafts', 'Nature', 'Travel'"
708,yg_treasure_official,5.6M,Indonesia,483.4K,618.5K,"'Finance and investments', 'Cars and automobiles', 'Parenting and family'"
709,karljacobs,4.3M,United States,618.4K,805.4K,"'Health and wellness', 'Finance and investments', 'Music'"
710,rezagolzar,12.3M,Iran,197.2K,288K,"'Science', 'Movies', 'Movies'"
711,saharghoreyshiofficialpage,11.5M,Iran,203.9K,297.9K,"'Health and wellness', 'Movies', 'Books'"
712,f1,20.7M,Italy,129.3K,163.5K,"'Movies', 'Technology', 'Gaming'"
713,wos.ds3,6.6M,Argentina,341.4K,522.4K,"'Parenting and family', 'History', 'History'"
714,dk_is_dokyeom,3.5M,Iran,825.4K,994.2K,"'Technology', 'Cooking', 'Art'"
715,sonambajwa,8.2M,India,330.2K,422K,"'Photography', 'Beauty', 'Beauty'"
716,demirose,19.9M,United States,130.7K,170.4K,"'Food and dining', 'Parenting and family', 'Outdoor activities'"
717,21savage,13.6M,United States,140.2K,246.4K,"'Gaming', 'Parenting and family', 'Cars and automobiles'"
718,apple,28.1M,India,88.2K,118.8K,"'Travel', 'Pets', 'Gardening'"
719,jxxvvxxk,3.9M,Indonesia,694.3K,872.8K,"'Art', 'Business and entrepreneurship', 'Nature'"
720,umutisler,11M,India,188K,302.2K,"'Parenting and family', 'Art', 'Music'"
721,grantgust,7.8M,Brazil,305.4K,432.7K,"'Food and dining', 'Music', 'Education and learning'"
722,huddy,11.6M,United States,206.8K,285K,"'Nature', 'Finance and investments', 'Education and learning'"
723,vernonline,4.6M,Japan,543.6K,719.1K,"'Travel', 'Business and entrepreneurship', 'Photography'"
724,hichasestokes,7.4M,United States,301.7K,452K,"'Food and dining', 'Books', 'Fitness'"
725,netflix,31.2M,Brazil,64.1K,105.2K,"'Fashion', 'Social causes and activism', 'DIY and crafts'"
726,kittychicha,4.3M,Philippines,635.9K,771.1K,"'Technology', 'Health and wellness', 'Photography'"
727,ederbez,18.6M,Mexico,156.3K,175.6K,"'Sports', 'Cooking', 'Movies'"
728,amybethmcnulty,7.8M,Brazil,307.9K,423K,"'Fitness', 'Outdoor activities', 'Travel'"
729,viihtube,23.6M,Brazil,73.2K,138.2K,"'History', 'Fashion', 'Travel'"
730,juki_lop,9.4M,Mexico,300K,349.1K,"'Social causes and activism', 'Finance and investments', 'Beauty'"
731,espn,23.7M,United States,75.4K,137K,"'Gaming', 'Gardening', 'Education and learning'"
732,simonettalein,12.4M,India,188.8K,260.1K,"'Nature', 'Health and wellness', 'Food and dining'"
733,yasminabdelaziz_,16.2M,Egypt,169.8K,200.9K,"'Technology', 'Beauty', 'Science'"
734,miamalkova,11.1M,India,215.3K,291.6K,"'History', 'Beauty', 'Gardening'"
735,adrianalima,14.9M,United States,146.4K,215.4K,"'Gaming', 'Science', 'Education and learning'"
736,shivangijoshi18,7.4M,India,365.1K,439.5K,"'Technology', 'Music', 'Music'"
737,davidluiz23,22.2M,Brazil,65.8K,144.6K,"'Fitness', 'Gardening', 'Cars and automobiles'"
738,saipallavi.senthamarai,6.1M,India,462.7K,530.8K,"'Parenting and family', 'Technology', 'Travel'"
739,sonamkapoor,33.5M,India,80.6K,95.3K,"'Parenting and family', 'Music', 'Cooking'"
740,adamsandler,13.6M,United States,184.7K,235.5K,"'Fitness', 'DIY and crafts', 'Food and dining'"
741,noorstars,13.3M,Iraq,180.7K,242.1K,"'Technology', 'Fitness', 'Photography'"
742,jennifer.garner,13.6M,United States,206.4K,233.8K,"'Fitness', 'Finance and investments', 'Outdoor activities'"
743,troyesivan,13.4M,United States,164.1K,235.7K,"'DIY and crafts', 'History', 'Finance and investments'"
744,jaybnow.hr,6.9M,United States,353.6K,464K,"'Cooking', 'History', 'Movies'"
745,litkillah,8.1M,Argentina,298.2K,393K,"'Education and learning', 'Cooking', 'History'"
746,schwarzenegger,22.6M,United States,118.9K,139.8K,"'Beauty', 'Photography', 'Cooking'"
747,wayvofficial,7.5M,Indonesia,358.9K,427.4K,"'Pets', 'Gaming', 'Fashion'"
748,giannis_an34,13.3M,United States,147.9K,233.9K,"'History', 'Fitness', 'Cooking'"
749,dagelan,21M,Indonesia,89K,151K,"'DIY and crafts', 'Pets', 'Nature'"
750,_abu_saalim_,3M,India,446.5K,1.1M,"'Education and learning', 'Food and dining', 'Science'"
751,pooorblack,4.9M,Iran,503.5K,652.1K,"'Fashion', 'Gardening', 'Gardening'"
752,trentarnold66,7.8M,United Kingdom,275.4K,403.3K,"'Food and dining', 'Technology', 'Books'"
753,earthpix,23.2M,United States,102.8K,133.3K,"'Nature', 'Business and entrepreneurship', 'Cooking'"
754,maneskinofficial,6.2M,Italy,356.3K,502.8K,"'Cooking', 'Business and entrepreneurship', 'Cars and automobiles'"
755,nodal,9.4M,Mexico,229.1K,336.8K,"'Social causes and activism', 'Science', 'Sports'"
756,ivan_buhaje,3.1M,Argentina,825.8K,1M,"'Social causes and activism', 'Art', 'Food and dining'"
757,joshuadun,6.2M,United States,415.7K,507.8K,"'Finance and investments', 'Fashion', 'Nature'"
758,juliopfernandez,3.4M,Brazil,714.9K,909.3K,"'Business and entrepreneurship', 'Business and entrepreneurship', 'Books'"
759,sonu_sood,17.4M,India,154.7K,177K,"'DIY and crafts', 'Movies', 'Music'"
760,voguemagazine,40.3M,United States,50.5K,76.1K,"'Cars and automobiles', 'Politics', 'Outdoor activities'"
761,valentinazenere,10.1M,Brazil,248.4K,302.5K,"'Technology', 'Business and entrepreneurship', 'Food and dining'"
762,shikhardofficial,11.4M,India,234.5K,268.3K,"'History', 'Movies', 'Photography'"
763,nancyajram,33.3M,Iraq,72.5K,92.7K,"'Health and wellness', 'Social causes and activism', 'Books'"
764,mclomaofficial,8.3M,Brazil,218.9K,375.2K,"'Gaming', 'Cars and automobiles', 'Movies'"
765,rodwave,5.6M,United States,254.6K,566.1K,"'Fashion', 'Fitness', 'DIY and crafts'"
766,yamigautam,16.4M,India,160.2K,186K,"'Photography', 'Business and entrepreneurship', 'Movies'"
767,madonna,18.5M,Italy,112.6K,168.1K,"'Travel', 'Finance and investments', 'Books'"
768,fcbayern,34M,Germany,61.1K,89.6K,"'Politics', 'Fitness', 'Science'"
769,lacikaysomers,12.2M,United States,148.5K,254.1K,"'Fashion', 'Photography', 'Politics'"
770,sincerooficial,21.7M,Brazil,72.4K,140K,"'Food and dining', 'Parenting and family', 'Fitness'"
771,ewsbdi,4.7M,Indonesia,439.6K,657.1K,"'Travel', 'Science', 'Science'"
772,nikefootball,45.4M,Brazil,42.8K,66.1K,"'DIY and crafts', 'Business and entrepreneurship', 'Politics'"
773,candiceking,10M,Brazil,214.1K,298.4K,"'Outdoor activities', 'Cars and automobiles', 'Gardening'"
774,beberexha,10.7M,India,189.3K,279.9K,"'DIY and crafts', 'Outdoor activities', 'Gardening'"
775,rockstargames,23.3M,United States,104.5K,129.6K,"'Politics', 'Nature', 'Outdoor activities'"
776,onwardwanna,6M,United States,301.8K,503.8K,"'Education and learning', 'Cars and automobiles', 'Travel'"
777,diljitdosanjh,14M,India,176.8K,213K,"'Outdoor activities', 'History', 'Technology'"
778,emmaroberts,18.3M,United States,110K,162.4K,"'Cars and automobiles', 'Politics', 'History'"
779,filiperet,7.7M,Brazil,153.9K,392.8K,"'Music', 'Science', 'Sports'"
780,vanessalopesr_,12.3M,Brazil,73.7K,240.2K,"'Art', 'Finance and investments', 'Pets'"
781,harshasai_,2.7M,India,958.9K,1.1M,"'Outdoor activities', 'Finance and investments', 'Beauty'"
782,ahmedabohashima,17.3M,Egypt,125.9K,170K,"'Social causes and activism', 'Fashion', 'DIY and crafts'"
783,ncentineo,16.5M,Brazil,106.8K,177.6K,"'Education and learning', 'Travel', 'Travel'"
784,galatasaray,11.6M,Turkey,209.4K,253.5K,"'Beauty', 'Education and learning', 'Travel'"
785,yefersoncossio,9.8M,Colombia,208.9K,305.3K,"'Finance and investments', 'Art', 'Gaming'"
786,arsenal,22.8M,United Kingdom,85.3K,129.1K,"'Books', 'Food and dining', 'Education and learning'"
787,borodylia,19.1M,Russia,124K,152.9K,"'Cooking', 'Science', 'Food and dining'"
788,willyrex,8.8M,Spain,284.4K,337.2K,"'Education and learning', 'Gaming', 'Cooking'"
789,snoopdogg,76M,United States,27.3K,38.9K,"'Health and wellness', 'Health and wellness', 'Fashion'"
790,djokernole,11.3M,Serbia,209.8K,258.4K,"'Food and dining', 'Nature', 'Politics'"
791,ishowspeed,3.7M,United Kingdom,575.1K,813.8K,"'Art', 'Business and entrepreneurship', 'Cooking'"
792,jackblack,8.9M,United States,251.8K,328.8K,"'Travel', 'Science', 'Finance and investments'"
793,normani,7.3M,United States,256.8K,401.3K,"'Gardening', 'DIY and crafts', 'Beauty'"
794,courteneycoxofficial,12.2M,India,178.9K,236.7K,"'Gaming', 'Social causes and activism', 'Politics'"
795,shxxbi131,4M,Indonesia,620.4K,726.6K,"'Books', 'Science', 'Cooking'"
796,jaspritb1,9.8M,India,256.6K,294.8K,"'Cars and automobiles', 'Pets', 'Food and dining'"
797,marimaria,20.2M,Brazil,74.2K,142.9K,"'Pets', 'Politics', 'Social causes and activism'"
798,t22felton,11.9M,United States,186.8K,242K,"'Cooking', 'Finance and investments', 'Parenting and family'"
799,jenniferwinget1,13.5M,India,175.3K,213.2K,"'Education and learning', 'Fitness', 'Science'"
800,spacex,15.8M,United States,148.7K,180.9K,"'Cooking', 'Finance and investments', 'Gardening'"
801,virgilvandijk,12.6M,United Kingdom,159.8K,226.4K,"'Beauty', 'Technology', 'Education and learning'"
802,i_nivethathomas,6.1M,India,412K,466K,"'Cooking', 'Books', 'Art'"
803,chaelincl,10.3M,Brazil,206.3K,272.9K,"'Gardening', 'History', 'Travel'"
804,subo_m,10.1M,Russia,229.5K,281K,"'Photography', 'Technology', 'History'"
805,klarafgcastanho,7.4M,Brazil,198.7K,385.5K,"'Gaming', 'Technology', 'Movies'"
806,miketyson,19.2M,United States,114K,146.9K,"'Cooking', 'Gardening', 'DIY and crafts'"
807,streetartglobe,16.6M,United States,124.4K,168.9K,"'DIY and crafts', 'Sports', 'Fitness'"
808,nabilla,8M,France,258.3K,355.4K,"'Photography', 'Food and dining', 'Parenting and family'"
809,hadise,13.8M,Turkey,173.6K,202.4K,"'Science', 'Food and dining', 'DIY and crafts'"
810,davidalaba,10.6M,Spain,185.3K,262.2K,"'History', 'Food and dining', 'Gaming'"
811,paollaoliveirareal,34.8M,Brazil,60.7K,80.3K,"'Nature', 'Parenting and family', 'Food and dining'"
812,kawtarbamo,7.5M,Morocco,276K,373.9K,"'Education and learning', 'Books', 'Books'"
813,kaliuchis,4M,United States,407.1K,702.8K,"'Photography', 'Music', 'Food and dining'"
814,sivakarthikeyan,5.2M,India,460.6K,542.5K,"'Outdoor activities', 'Pets', 'Business and entrepreneurship'"
815,lance210,6.6M,United States,257K,426.3K,"'Education and learning', 'Books', 'Fitness'"
816,chieffkeeffsossa,7.8M,United States,196K,362.5K,"'Technology', 'Education and learning', 'Business and entrepreneurship'"
817,seojuhyun_s,7.6M,Indonesia,295.7K,370.6K,"'History', 'Gaming', 'Science'"
818,actor_jg,6.5M,Indonesia,372.3K,437.3K,"'History', 'Gaming', 'Pets'"
819,trueno,6.9M,Argentina,261.6K,407.3K,"'Education and learning', 'Health and wellness', 'Gaming'"
820,junhui_moon,2.9M,Indonesia,797.7K,978.8K,"'Food and dining', 'Art', 'Gardening'"
821,asala,7.2M,Iraq,316.2K,392K,"'Pets', 'Movies', 'Sports'"
822,mohanshakti,16.5M,India,138.3K,166.1K,"'Health and wellness', 'Art', 'Gaming'"
823,imouniroy,24.5M,India,92.1K,112.2K,"'Food and dining', 'Sports', 'DIY and crafts'"
824,dominicfike,3.5M,United States,417.8K,795.1K,"'Sports', 'Photography', 'Fashion'"
825,anthonyjoshua,14.3M,United Kingdom,141.5K,192K,"'Parenting and family', 'Sports', 'Parenting and family'"
826,flay,7.7M,Brazil,174.1K,363.5K,"'Science', 'Art', 'Science'"
827,gucci,49M,United States,42K,55.7K,"'Pets', 'Photography', 'Books'"
828,alexis_officia1,14.5M,Chile,115.4K,190.5K,"'Pets', 'Parenting and family', 'Travel'"
829,sthefanematos,10M,Brazil,123.1K,284.3K,"'Social causes and activism', 'Parenting and family', 'Photography'"
830,jessicajane99,5.9M,Indonesia,352K,463.9K,"'Finance and investments', 'Photography', 'Cars and automobiles'"
831,tohi,12.1M,Iran,162K,240.7K,"'DIY and crafts', 'Science', 'Fashion'"
832,egorkreed,14.7M,Russia,151.1K,185.3K,"'Social causes and activism', 'Gardening', 'Travel'"
833,dhanashree9,5.2M,India,417.2K,525K,"'DIY and crafts', 'Cars and automobiles', 'Politics'"
834,blythe,13.5M,Philippines,175.4K,199.9K,"'Fashion', 'Sports', 'Sports'"
835,anastasiya_kvitko,12.4M,United States,179.4K,219.5K,"'Parenting and family', 'Outdoor activities', 'Fashion'"
836,natalee.007,7M,United States,308.6K,394.5K,"'Parenting and family', 'Beauty', 'Politics'"
837,fedevalverde,6.6M,Spain,293.8K,416.7K,"'Movies', 'Beauty', 'Education and learning'"
838,canelo,13.5M,Mexico,143.8K,200.2K,"'Nature', 'Business and entrepreneurship', 'Gardening'"
839,alvaromorata,17.9M,Italy,96.7K,149.5K,"'Outdoor activities', 'Finance and investments', 'Fashion'"
840,ms_puiyi,18.7M,United States,112.3K,143.8K,"'Education and learning', 'Fitness', 'Gardening'"
841,tamannaahspeaks,17.7M,India,129.4K,151K,"'Health and wellness', 'Gardening', 'Parenting and family'"
842,tiagopzk,5.4M,Argentina,219.4K,501.1K,"'Books', 'Fashion', 'Fitness'"
843,rafakalimann,23.1M,Brazil,67.3K,121.4K,"'DIY and crafts', 'Business and entrepreneurship', 'History'"
844,letthelordbewithyou,27.5M,United States,64.1K,96.9K,"'Business and entrepreneurship', 'Sports', 'Cars and automobiles'"
845,jimmyfallon,23M,United States,92.5K,115.8K,"'Pets', 'Finance and investments', 'Nature'"
846,sofiaalcastro,8.8M,Colombia,225K,306.4K,"'Fashion', 'Finance and investments', 'Health and wellness'"
847,ler_chek,10.4M,Russia,197.2K,254.3K,"'Gaming', 'Nature', 'Science'"
848,rafaelnadal,16.1M,Spain,131.3K,164.1K,"'Pets', 'Fitness', 'Science'"
849,iiqraaziz,8.8M,India,265.6K,302.7K,"'Finance and investments', 'DIY and crafts', 'Gaming'"
850,maitreyiramakrishnan,3.8M,Brazil,485.4K,710.1K,"'Education and learning', 'Finance and investments', 'Health and wellness'"
851,dhanushkraja,4.9M,India,421.3K,545.2K,"'Fashion', 'Photography', 'Education and learning'"
852,priyankaamohanofficial,3.5M,India,672.3K,771.5K,"'Books', 'Science', 'Travel'"
853,wdohwan,4.5M,Indonesia,446.2K,591.5K,"'Books', 'Finance and investments', 'DIY and crafts'"
854,zo,14.7M,United States,98.9K,178.1K,"'Nature', 'Business and entrepreneurship', 'Travel'"
855,dukeandduchessofcambridge,13.9M,United States,147.1K,187.9K,"'Pets', 'Social causes and activism', 'Cars and automobiles'"
856,min.nicha,4.1M,Thailand,468.8K,640.4K,"'Movies', 'Technology', 'Movies'"
857,kingarturo23oficial,18.4M,Italy,87.9K,141.9K,"'Music', 'Art', 'Photography'"
858,hm_son7,7.6M,Brazil,213.1K,346.6K,"'Technology', 'Cooking', 'Politics'"
859,iqbaal.e,13.6M,Indonesia,111.2K,191.1K,"'Science', 'Technology', 'Technology'"
860,arcticmonkeys,4.1M,United States,463.2K,651.5K,"'Parenting and family', 'Science', 'Pets'"
861,realshadmehr,8.1M,Iran,236.4K,329.6K,"'DIY and crafts', 'Outdoor activities', 'Travel'"
862,laurenlondon,9.8M,United States,157.3K,268.8K,"'Pets', 'Social causes and activism', 'Beauty'"
863,kevinho,28M,Brazil,65.6K,91.8K,"'Technology', 'Music', 'Art'"
864,danialves,37.2M,Brazil,44.5K,69.1K,"'Health and wellness', 'Parenting and family', 'Pets'"
865,jordynwoods,12.6M,United States,107.2K,203K,"'Cars and automobiles', 'Music', 'Photography'"
866,felipeneto,16.2M,Brazil,112.5K,159.1K,"'Cooking', 'Politics', 'Finance and investments'"
867,floydmayweather,28.4M,United States,51.8K,90.8K,"'Social causes and activism', 'Science', 'Fitness'"
868,woozi_universefactory,4M,Indonesia,543.6K,646.7K,"'Food and dining', 'Social causes and activism', 'Finance and investments'"
869,sergiroberto,7.6M,Spain,215.1K,339K,"'Education and learning', 'Food and dining', 'Social causes and activism'"
870,snejanaonopka15,9.2M,Brazil,216.4K,288.9K,"'Social causes and activism', 'Gardening', 'Beauty'"
871,larray,6.7M,United States,262.1K,384.5K,"'Books', 'Health and wellness', 'Science'"
872,dorra_zarrouk,15.9M,Egypt,118.2K,158.8K,"'Politics', 'Art', 'Art'"
873,keyshiakaoir,7.8M,United States,182.6K,327.3K,"'Pets', 'Technology', 'Parenting and family'"
874,bmw,33.7M,Iran,57.2K,74.7K,"'Pets', 'Politics', 'Fitness'"
875,cnn,18.2M,United States,101.1K,139.5K,"'Books', 'Parenting and family', 'Art'"
876,guaynaa,6.2M,Mexico,264.6K,408.1K,"'Fashion', 'Finance and investments', 'Politics'"
877,jscmila,22.2M,Indonesia,84.6K,112.4K,"'Travel', 'Health and wellness', 'Pets'"
878,sophiedee,12.4M,United States,153.1K,203.8K,"'Travel', 'History', 'Nature'"
879,jessica.syj,10.8M,Indonesia,189.5K,232.4K,"'Gaming', 'Finance and investments', 'Nature'"
880,kh1000le,1.9M,,0,1.3M,"'Parenting and family', 'Gardening', 'Social causes and activism'"
881,felicyangelista_,21.7M,Indonesia,83.3K,114.7K,"'Education and learning', 'Parenting and family', 'Beauty'"
882,aycaaysinturan,6M,Turkey,317.9K,424.1K,"'Photography', 'Movies', 'Business and entrepreneurship'"
883,mirandacosgrove,9.8M,Brazil,163.7K,255.7K,"'Finance and investments', 'Movies', 'Food and dining'"
884,kareenakapoorkhan,9.6M,India,210.4K,262.8K,"'Science', 'Outdoor activities', 'Fashion'"
885,samsmith,14.6M,United States,115.3K,168.9K,"'Pets', 'Science', 'History'"
886,jaydacheaves,7.7M,United States,110.2K,326.6K,"'Fashion', 'Fashion', 'Nature'"
887,ms.sethii,6.5M,United States,255.9K,387.2K,"'Photography', 'Cars and automobiles', 'Art'"
888,realhinakhan,17.3M,India,115.1K,141.7K,"'Fashion', 'Cooking', 'Cooking'"
889,_irishbella_,21.3M,Indonesia,92.3K,114.5K,"'Outdoor activities', 'Finance and investments', 'Finance and investments'"
890,thiagosilva,19.8M,Brazil,73.2K,123.3K,"'Gardening', 'Art', 'Photography'"
891,watanabenaomi703,9.9M,Japan,235.2K,250.5K,"'Cars and automobiles', 'Technology', 'Fitness'"
892,fifaworldcup,29.1M,India,55.7K,84.1K,"'History', 'Gaming', 'Movies'"
893,allusnehareddy,8.4M,India,254.1K,294.6K,"'Business and entrepreneurship', 'Gardening', 'Beauty'"
894,twentyonepilots,8.5M,United States,229.1K,291.3K,"'Gardening', 'Gardening', 'Art'"
895,soyneiva,11.9M,Brazil,153.7K,206.4K,"'Movies', 'History', 'Technology'"
896,yuzi_chahal23,8.1M,India,249.6K,304K,"'Photography', 'Science', 'Gardening'"
897,kyliecosmetics,26M,United States,65.1K,93.7K,"'Gaming', 'Art', 'Art'"
898,theamitbhadana,8.5M,India,239.1K,294.8K,"'Parenting and family', 'Cooking', 'Sports'"
899,ridwankamil,19M,Indonesia,85.1K,130K,"'DIY and crafts', 'Gardening', 'Art'"
900,arashi_5_official,4.4M,Japan,554.2K,580.2K,"'Music', 'Technology', 'Pets'"
901,bumkeyk,9.3M,Indonesia,221.7K,266K,"'Science', 'Gaming', 'Gardening'"
902,dearra,6.3M,United States,158.6K,395.6K,"'Cars and automobiles', 'Finance and investments', 'Music'"
903,ansufati,9M,Spain,180.2K,273.3K,"'Finance and investments', 'DIY and crafts', 'Fitness'"
904,haniaheheofficial,6M,Pakistan,360.4K,413.2K,"'Finance and investments', 'Pets', 'Nature'"
905,baifernbah,11.2M,Indonesia,171.1K,216.8K,"'Science', 'Technology', 'Education and learning'"
906,raisa6690,33.2M,Indonesia,46.8K,73K,"'Food and dining', 'Education and learning', 'Beauty'"
907,jacksepticeye,7.9M,United States,268.2K,311.5K,"'Outdoor activities', 'Education and learning', 'Art'"
908,karolsevillaofc,15.1M,Brazil,127.1K,160.7K,"'History', 'Cooking', 'Social causes and activism'"
909,nidhhiagerwal,25.4M,India,79.2K,94.7K,"'Nature', 'Politics', 'Books'"
910,riyadmahrez26.7,9.2M,Algeria,206.5K,266K,"'Social causes and activism', 'Movies', 'Politics'"
911,nadin_serovski,9.4M,Russia,189.3K,259.3K,"'Music', 'Politics', 'Art'"
912,jasonderulo,10.4M,United States,162.1K,232.1K,"'Fashion', 'Business and entrepreneurship', 'Pets'"
913,veradijkmans,5.5M,United States,316.9K,445.4K,"'Sports', 'Sports', 'Beauty'"
914,nashgrier,12.6M,United States,106.3K,189.9K,"'Health and wellness', 'Gardening', 'Sports'"
915,fadiljaidi,7.9M,Indonesia,204.2K,306.9K,"'Finance and investments', 'Technology', 'Cars and automobiles'"
916,farhaddddddd,3.6M,Iran,475.4K,786.5K,"'Food and dining', 'Nature', 'Finance and investments'"
917,landonorris,5.7M,Italy,334.3K,421.2K,"'Outdoor activities', 'Cooking', 'Fashion'"
918,sabinahidalgo,4.8M,Brazil,427.1K,512.5K,"'Cars and automobiles', 'Health and wellness', 'Pets'"
919,sofia9__official,9.1M,India,193.1K,268.8K,"'Travel', 'Science', 'Education and learning'"
920,canyaman,10M,Italy,197.9K,246.2K,"'Gardening', 'Parenting and family', 'Science'"
921,kashikakapoor09,9.6M,Indonesia,236.1K,254.5K,"'Cars and automobiles', 'Outdoor activities', 'DIY and crafts'"
922,ykaaar,5.2M,Italy,336.7K,462K,"'Sports', 'Cooking', 'Books'"
923,jimena.jimenezr,5.9M,Mexico,281.5K,406.5K,"'Music', 'Nature', 'Sports'"
924,gongyoo_official,3.6M,Indonesia,531.8K,668K,"'Science', 'History', 'History'"
925,lilpump,15M,United States,100.6K,157.5K,"'Cars and automobiles', 'Gaming', 'Cars and automobiles'"
926,reynmen,7.1M,Turkey,264.8K,337.4K,"'History', 'Music', 'Music'"
927,soycintiacossio,5.7M,Colombia,335.3K,418.7K,"'Parenting and family', 'Pets', 'Education and learning'"
928,pefabiodemelo,25.7M,Brazil,61K,92.2K,"'Nature', 'Business and entrepreneurship', 'Photography'"
929,urassayas,11.9M,Thailand,160.1K,194.9K,"'History', 'Movies', 'Education and learning'"
930,ashleygraham,19M,United States,92.7K,122.6K,"'Travel', 'Education and learning', 'Pets'"
931,_chaechae_1,2.8M,South Korea,696.8K,838.2K,"'Travel', 'Social causes and activism', 'Pets'"
932,maxverstappen1,9.1M,United States,195.9K,257.6K,"'Social causes and activism', 'Travel', 'Fitness'"
933,antony00,4M,Brazil,322.4K,595.7K,"'Gardening', 'DIY and crafts', 'DIY and crafts'"
934,gun_atthaphan,5.6M,Indonesia,349.3K,418.1K,"'Music', 'Music', 'Health and wellness'"
935,sinavaliollah,7.3M,Iran,256.2K,323.2K,"'Health and wellness', 'Fashion', 'Parenting and family'"
936,moneybaggyo,8.4M,United States,119K,283.9K,"'Food and dining', 'Business and entrepreneurship', 'Cars and automobiles'"
937,hannahelzahed,18.1M,Egypt,103.9K,128.5K,"'Technology', 'Gardening', 'Food and dining'"
938,hasnaink07,13.1M,India,143.3K,179.3K,"'Music', 'Cars and automobiles', 'Health and wellness'"
939,cobratate,4.7M,Romania,311K,506.8K,"'Outdoor activities', 'Gardening', 'History'"
940,burnaboygram,11.4M,Nigeria,110.6K,203.1K,"'Technology', 'Nature', 'Education and learning'"
941,eunbining0904,2.9M,South Korea,690.1K,814.7K,"'Outdoor activities', 'Outdoor activities', 'Cooking'"
942,fortnite,25.7M,United States,76.3K,90.2K,"'Outdoor activities', 'Health and wellness', 'Pets'"
943,armaanmalik,13.2M,India,151.6K,175.6K,"'Technology', 'Fitness', 'Business and entrepreneurship'"
944,julienco_,6.4M,Germany,294.1K,362.3K,"'Education and learning', 'Business and entrepreneurship', 'Food and dining'"
945,_hakkencoser_,3.7M,United States,511.8K,625.4K,"'Fitness', 'Fashion', 'Fashion'"
946,juliabarretto,11.2M,Philippines,159.3K,203.7K,"'Pets', 'Education and learning', 'Movies'"
947,bugatti,16.7M,United States,100.8K,136.4K,"'Cooking', 'Politics', 'Music'"
948,joerogan,15.6M,United States,105.5K,147.2K,"'Movies', 'Fitness', 'Social causes and activism'"
949,mccabelinho,5.4M,Brazil,218.9K,431.9K,"'Sports', 'History', 'Education and learning'"
950,strangehuman,4.3M,United States,0,540.1K,"'Cars and automobiles', 'History', 'Education and learning'"
951,tontawan,3.8M,Thailand,459.1K,603.8K,"'Education and learning', 'Gaming', 'Gaming'"
952,danielricciardo,7.3M,United States,238.3K,309.4K,"'Beauty', 'Music', 'Movies'"
953,ginaindelicada,11.3M,Brazil,97.3K,199.4K,"'Beauty', 'Fitness', 'Technology'"
954,tovinothomas,7M,India,179.1K,321.7K,"'Travel', 'Photography', 'Photography'"
955,timatiofficial,18.5M,Russia,91.5K,121.4K,"'Nature', 'Nature', 'Cooking'"
956,jayshetty,11.6M,United States,152.5K,192.6K,"'Business and entrepreneurship', 'Business and entrepreneurship', 'Movies'"
957,camilacoelho,9.9M,Brazil,107K,228.8K,"'Technology', 'Movies', 'Food and dining'"
958,becaa_barreto,9.9M,Brazil,119.8K,228.6K,"'Music', 'Science', 'Movies'"
959,prideofgypsies,17.1M,United States,101.3K,130K,"'Science', 'Nature', 'Gaming'"
960,raffinagita1717,64M,Indonesia,23.8K,34.8K,"'Education and learning', 'Gaming', 'DIY and crafts'"
961,artmodel.one,7.2M,India,241.6K,313.5K,"'Beauty', 'Fitness', 'Pets'"
962,brycehall,7.2M,United States,242.1K,311K,"'Pets', 'Outdoor activities', 'Cooking'"
963,silambarasantrofficial,10.2M,India,169.6K,216.6K,"'Gardening', 'Fitness', 'Education and learning'"
964,bowerjamie,5.5M,Italy,302.6K,403.4K,"'Books', 'Fashion', 'Music'"
965,jordialbaoficial,14.6M,Spain,103.9K,150.2K,"'Parenting and family', 'Outdoor activities', 'Sports'"
966,violets.tv,13.8M,Italy,118K,162.2K,"'Gaming', 'Pets', 'Nature'"
967,nameisnani,5.3M,India,387.2K,418K,"'DIY and crafts', 'Food and dining', 'Cooking'"
968,tommyinnit,3.5M,France,567.8K,640.4K,"'Gaming', 'Health and wellness', 'Technology'"
969,porsche,26.8M,United States,63.5K,81.2K,"'Gardening', 'Art', 'Social causes and activism'"
970,lynaritaa,9M,United States,186.7K,246.7K,"'Science', 'Social causes and activism', 'Outdoor activities'"
971,tarasutaria,8.1M,India,215.7K,271.7K,"'Gardening', 'DIY and crafts', 'Technology'"
972,thibautcourtois,11M,Spain,135.2K,196.3K,"'Food and dining', 'Beauty', 'Nature'"
973,rubyrose,20.1M,United States,82K,108.3K,"'Technology', 'Gaming', 'Business and entrepreneurship'"
974,joesthetics,7.6M,India,190K,289.6K,"'Politics', 'Art', 'Sports'"
975,brfootball,12.6M,United States,105.7K,170.9K,"'Parenting and family', 'Art', 'Social causes and activism'"
976,kaka,18.8M,Brazil,70.2K,114.7K,"'Fashion', 'Technology', 'Cooking'"
977,therealjosephmorgan,8M,Brazil,219.8K,275.1K,"'Social causes and activism', 'Sports', 'Science'"
978,marioruiz,6.2M,Mexico,224.1K,349.7K,"'Fashion', 'Sports', 'Cars and automobiles'"
979,laurenjauregui,10.8M,United States,135.9K,200.7K,"'Art', 'Food and dining', 'Gaming'"
980,tejasswiprakash,6.3M,India,304.4K,376.7K,"'Politics', 'Sports', 'Cooking'"
981,shahinsamadpoor,4.7M,Iran,360.5K,475.9K,"'Sports', 'Politics', 'Photography'"
982,michelle_lewin,15.1M,United States,101.6K,143.4K,"'Cars and automobiles', 'Health and wellness', 'Education and learning'"
983,mb459,10.5M,Turkey,140.7K,206K,"'Art', 'Sports', 'Education and learning'"
984,bighit_exhibition,5.6M,Indonesia,310.3K,384.6K,"'Art', 'Fashion', 'Books'"
985,mario_houses,7M,Spain,210.1K,311K,"'Books', 'Books', 'Photography'"
986,valeyellow46,14.1M,Indonesia,115.6K,151K,"'Cars and automobiles', 'DIY and crafts', 'Technology'"
987,jeremyrenner,17.9M,United States,99.8K,119.3K,"'Health and wellness', 'Science', 'Fitness'"
988,leeyoum262,7.5M,South Korea,235.5K,288.5K,"'Gardening', 'Travel', 'Nature'"
989,choquei,17.5M,Brazil,39.8K,124.1K,"'Books', 'Social causes and activism', 'Gaming'"
990,lalioficial,11M,Argentina,136K,194.6K,"'Food and dining', 'Photography', 'Education and learning'"
991,naisaalifiayuriza,9.9M,Indonesia,194.9K,218.3K,"'Books', 'Books', 'Parenting and family'"
992,francety,11.4M,India,144.8K,190K,"'Gaming', 'Business and entrepreneurship', 'Fitness'"
993,aidanrgallagher,7.7M,Mexico,233.2K,280.6K,"'Nature', 'Outdoor activities', 'Movies'"
994,leosantana,17.9M,Brazil,63.7K,119.5K,"'Fitness', 'Cars and automobiles', 'Fashion'"
995,dhanashree9,5.2M,India,326.9K,411.3K,"'Fitness', 'Science', 'Gaming'"
996,jadethirlwall,9.4M,United States,174.2K,228.1K,"'Nature', 'Technology', 'Science'"
997,ninja,12.9M,United States,127.8K,163.9K,"'Nature', 'Parenting and family', 'Technology'"
998,myriamfares,20.6M,Iraq,75.8K,102.4K,"'Outdoor activities', 'Sports', 'Business and entrepreneurship'"
999,optimushwang,4.2M,South Korea,426K,508K,"'Food and dining', 'Outdoor activities', 'Sports'"
1000,syifahadjureal,15.5M,Indonesia,110.2K,136.1K,"'Sports', 'Movies', 'Finance and investments'"
